Country Name,Sovereign,GEO Region,GEO Subregion,ch4_70,ch4_71,ch4_72,ch4_73,ch4_74,ch4_75,ch4_76,ch4_77,ch4_78,ch4_79,ch4_80,ch4_81,ch4_82,ch4_83,ch4_84,ch4_85,ch4_86,ch4_87,ch4_88,ch4_89,ch4_90,ch4_91,ch4_92,ch4_93,ch4_94,ch4_95,ch4_96,ch4_97,ch4_98,ch4_99,ch4_00,ch4_01,ch4_02,ch4_03,ch4_04,ch4_05,ch4_06,ch4_07,ch4_08
Afghanistan,Afghanistan,Asia + Pacific,South Asia,486,486,437,448,476,499,502,498,494,485,494,491,489,469,431,396,353,356,377,355.478,363.218,366.766,351.692,355.947,365.092,375.516,410.08,438.743,461.913,490.758,446.866,412.691,472.83,492.885,501.02,509.464,517.616,526.176,534.497
Albania,Albania,Europe,Central Europe,84,82,83,85,86,89,93,95,101,104,106,106,107,110,111,109,113,119,124,126.111,121.284,114.166,108.046,111.638,132.57,131.844,124.686,117.07,112.928,112.232,124.229,111.677,111.106,117.771,117.62,117.955,118.347,119.321,119.84
Algeria,Algeria,Africa,Northern Africa,612,685,948,1183,1028,948,1147,1228,1324,1325,1240,1125,1097,1215,1296,1501,1483,1498,1503,1583.45,1538.07,1590.71,1785.11,1780.81,1732.21,1885.86,1934.32,1992.22,2038.84,2177.1,2145.37,2012.51,2011.77,2148.66,2132.85,2225.59,2260.73,2216.54,2258.89
American Samoa,United States of America,Asia + Pacific,South Pacific,0,0,0,0,0,0,0,0,0,0,0,0,0,0,0,0,0,0,0,0.445358,0.421006,0.434138,0.445713,0.456243,0.465635,0.4742,0.4819,0.488659,0.493742,0.498681,0.503296,0.509209,0.514986,0.520292,0.526777,0.534096,0.542055,0.555379,0.572967
Andorra,Andorra,Europe,Western Europe,NULL,NULL,NULL,NULL,NULL,NULL,NULL,NULL,NULL,NULL,NULL,NULL,NULL,NULL,NULL,NULL,NULL,NULL,NULL,NULL,NULL,NULL,NULL,NULL,NULL,NULL,NULL,NULL,NULL,NULL,NULL,NULL,NULL,NULL,NULL,NULL,NULL,NULL,NULL
Angola,Angola,Africa,Southern Africa,1113,690,742,793,715,812,716,830,870,1091,935,829,913,914,749,766,756,976,752,823.736,1050.3,912.734,1347.02,835.596,943.331,1020.02,995.377,717.667,766.045,766.285,750.395,737.949,747.372,742.37,752.811,778.983,790.653,788.144,823.458
Anguilla,United Kingdom of Great Britain and Northern Ireland,Latin America + Caribbean,Caribbean,0,0,0,0,0,0,0,0,0,0,0,0,0,0,0,0,0,0,0,0.182616,0.173026,0.166267,0.160243,0.143466,0.140992,0.140589,0.141341,0.140828,0.139924,0.139076,0.142228,0.143068,0.150124,0.144156,0.144484,0.144699,0.144976,0.145227,0.145493
Antarctica,Antarctic,Polar,Antarctic,NULL,NULL,NULL,NULL,NULL,NULL,NULL,NULL,NULL,NULL,NULL,NULL,NULL,NULL,NULL,NULL,NULL,NULL,NULL,NULL,NULL,NULL,NULL,NULL,NULL,NULL,NULL,NULL,NULL,NULL,NULL,NULL,NULL,NULL,NULL,NULL,NULL,NULL,NULL
Antigua and Barbuda,Antigua and Barbuda,Latin America + Caribbean,Caribbean,1,1,1,1,1,1,1,1,1,2,2,2,2,2,2,2,2,2,2,1.68607,1.69099,1.70303,1.71461,1.7367,1.7662,1.78507,1.7681,1.76096,1.75014,1.74708,1.74651,1.78514,1.81281,1.83892,1.87628,1.88762,1.91388,1.93871,1.96861
Argentina,Argentina,Latin America + Caribbean,South America,4044,4035,4214,4323,4372,4471,4631,4747,4618,4601,4559,4436,4376,4481,4515,4506,4506,4536,4672,4775.82,4861.08,4792.78,4864.09,4836.58,4812.79,4866.45,4828.55,4884.63,4774.69,4681.02,4724.48,4691.2,4566.35,4812.67,4833.4,4767.89,4763.11,4656.36,4661.74
Armenia,Armenia,Europe,Eastern Europe,63,66,69,71,73,76,76,75,75,74,73,73,73,74,76,78,78,78,119,127.113,137.605,130.734,124.058,114.331,120.817,115.591,121.978,124.447,121.531,124.726,122.16,120.652,124.011,129.185,134.604,140.963,146.864,147.892,154.043
Aruba,Netherlands,Latin America + Caribbean,Caribbean,0,0,1,1,1,1,1,1,1,1,1,1,1,1,1,1,1,1,1,0.709434,0.722705,0.737428,0.757047,0.780288,0.803655,0.823638,0.80781,1.02468,0.826087,0.835931,0.859589,0.876988,0.900045,0.919945,0.943,0.961074,0.984566,1.01174,1.03542
Australia,Australia,Asia + Pacific,Australia + New Zealand,4490,4469,5066,4654,4892,5102,5445,5286,4753,5067,5220,4644,5130,4711,4830,5416,5199,4941,4935,5196.03,5483.32,5742.92,5547.74,5373.17,5870.62,5363.68,5405.49,5648.82,5567.33,5799.18,6101.55,6483.22,6300.24,5977.58,6034.84,5817.71,5670.7,6457.72,5821.17
Austria,Austria,Europe,Western Europe,430,426,425,433,440,439,441,447,448,457,463,463,470,472,481,490,488,484,493,483.753,477.584,478.085,470.693,473.15,458.438,455.275,450.192,440.36,435.941,433.644,427.848,423.443,418.676,414.481,408.144,402.691,401.535,399.244,395.473
Azerbaijan,Azerbaijan,Europe,Eastern Europe,305,314,324,334,350,366,377,387,399,410,421,429,441,455,472,489,509,525,534,540.492,545.641,525.986,499.769,471.359,451.114,434.166,423.731,422.648,434.163,461.907,474.03,489.248,504.012,526.66,539.551,576.3,622.719,705.085,806.949
Bahamas,Bahamas,Latin America + Caribbean,Caribbean,4,5,5,5,5,5,5,5,5,5,5,6,6,6,6,6,6,6,6,6.48193,6.73619,6.93176,7.071,7.23506,7.42928,7.63104,7.84515,7.94436,8.04144,8.15603,8.32267,8.53169,8.68279,8.87379,9.13165,9.35739,9.57142,9.82014,10.0877
Bahrain,Bahrain,West Asia,Arabian Peninsula,38,38,39,46,51,49,51,58,59,63,63,68,65,65,69,78,77,77,80,83.8101,85.7206,78.1611,85.6475,92.0456,92.3209,92.9363,98.8005,104.019,109.622,111.611,113.455,117.032,122.299,125.125,128.131,132.355,139.294,145.639,152.169
Bangladesh,Bangladesh,Asia + Pacific,South Asia,4348,4117,4193,4220,4179,4324,4200,4235,4344,4394,4146,4195,4219,3981,4102,4146,4197,4118,4097,4173.34,4147.28,4092.74,4098.55,4039.18,4046.96,4068.23,4126.01,4154.01,4086.89,4264.58,4249.86,4316.46,4382.82,4428.31,4370.39,4485.61,4524.75,4595.21,4658.67
Barbados,Barbados,Latin America + Caribbean,Caribbean,5,5,5,5,5,4,5,5,5,5,5,5,5,5,5,5,5,5,5,5.87937,6.12472,6.04514,5.99427,5.87485,5.88477,5.897,5.90589,5.30504,5.42649,5.57641,5.7653,5.08186,5.04198,4.99515,4.73825,4.91662,4.81152,4.90857,4.93322
Belarus,Belarus,Europe,Eastern Europe,577,606,627,645,667,690,698,706,723,733,741,748,763,780,798,816,828,848,844,861.599,888.062,859.247,827.52,788.718,751.306,706.529,679.437,665.007,666.984,658.076,634.393,637.14,640.113,629.583,640.884,668.85,687.731,708.136,730.668
Belgium,Belgium,Europe,Western Europe,673,654,649,665,677,666,661,666,655,658,658,655,654,648,658,666,649,633,592,591.205,592.621,595.81,585.608,573.968,571.76,578.94,557.897,541.331,529.197,539.175,527.572,509.995,488.101,472.21,471.716,458.271,456.388,454.633,454.185
Belize,Belize,Latin America + Caribbean,Meso America,5,5,5,5,6,6,6,6,6,7,7,7,7,7,7,7,7,7,7,7.54933,8.08832,8.65756,8.70333,8.56927,8.63733,7.64259,7.97193,7.76045,7.54296,8.01644,7.95231,7.90173,8.27769,8.75303,8.47918,8.92891,9.04206,9.13498,9.19537
Benin,Benin,Africa,Western Africa,165,161,161,177,138,152,159,186,159,174,216,182,210,198,197,182,180,189,178,194.385,243.786,196.72,227.6,213.808,219.271,235.601,234.774,239.982,202.185,221.822,214.465,211.106,237.812,196.414,208.092,208.443,215.529,266.576,337.456
Bermuda,United Kingdom of Great Britain and Northern Ireland,Latin America + Caribbean,Caribbean,1,1,1,1,1,1,1,1,1,1,1,1,1,1,1,1,1,1,1,1.16189,1.14672,1.15575,1.15402,1.1649,1.18278,1.19549,1.20793,1.20873,1.2206,1.24011,1.26272,1.27802,1.29676,1.31344,1.33306,1.34863,1.36744,1.37911,1.40092
Bhutan,Bhutan,Asia + Pacific,South Asia,33,34,34,35,35,36,36,37,38,39,39,40,40,41,42,44,44,45,43,42.9736,43.7591,43.3714,56.9445,56.8081,56.6692,54.9862,54.953,50.3037,50.9937,59.4235,49.162,45.1493,48.1184,43.4531,48.3961,49.1955,59.8184,53.2786,57.3005
Bolivia (Plurinational State of),Bolivia,Latin America + Caribbean,South America,786,540,717,603,673,779,919,713,898,952,1011,907,948,1009,797,871,890,1075,927,944.24,1068.38,1019.2,1098.2,1203.29,925.64,978.63,1023.6,1055.09,914.049,1783.66,941.226,931.752,1111.25,940.898,2660.13,1421.09,913.382,949.696,1000.77
Bosnia and Herzegovina,Bosnia and Herzegovina,Europe,Central Europe,151,152,153,155,165,160,158,158,162,165,174,184,201,215,218,221,216,217,205,209.515,218.546,202.42,176.893,162.413,83.2511,79.2356,68.8253,89.9493,104.445,107.318,127.222,105.556,108.857,125.508,122.864,126.936,133.417,140.216,144.64
Botswana,Botswana,Africa,Southern Africa,249,154,177,191,183,219,216,246,244,291,254,235,254,244,199,193,186,236,193,219.622,289.239,232.216,318.737,191.641,230.318,258.548,217.56,212.286,189.245,196.457,187.677,245.801,279.96,207.981,210.935,221.803,183.345,187.451,184.542
Brazil,Brazil,Latin America + Caribbean,South America,9892,8630,9634,9197,9849,10602,11841,10975,11653,12100,13118,12772,13144,13344,12775,13187,13773,14934,14435,14745.5,15222.8,15446.8,16197.3,16981.7,15939.6,16906.5,16693.9,16898.8,17946.8,17220.7,16334.6,17506,18489,19957.6,21883.4,23444.6,19395.9,19651.3,20069.5
British Virgin Islands,United Kingdom of Great Britain and Northern Ireland,Latin America + Caribbean,Caribbean,1,1,1,1,1,1,1,1,1,1,1,1,1,1,1,1,1,1,1,0.713764,0.721498,0.733565,0.745389,0.754788,0.766078,0.777148,0.787916,0.79538,0.804504,0.813937,0.822736,0.829773,0.837306,0.844713,0.851749,0.858481,0.865703,0.876214,0.886872
Brunei Darussalam,Brunei Darussalam,Asia + Pacific,South East Asia,77,61,83,124,123,137,167,189,195,184,213,172,176,210,165,155,156,174,159,148.906,171.964,175.968,198.742,183.579,182.346,199.578,185.647,186.381,341.117,188.775,184.844,192.715,191.227,203.159,196.943,217.654,214.271,206.335,221.53
Bulgaria,Bulgaria,Europe,Central Europe,473,489,509,525,530,557,577,590,606,624,645,664,685,699,714,716,726,737,738,750.589,746.451,718.869,707.027,668.522,648.217,645.931,654.088,645.375,651.675,648.893,656.349,640.12,620.835,625.926,625.445,608.491,602.492,593.421,584.77
Burkina Faso,Burkina Faso,Africa,Western Africa,220,219,210,206,197,204,210,221,220,231,249,247,259,261,268,288,294,304,308,319.557,344.675,340.052,360.846,368.111,381.395,401.527,413.342,428.857,438.591,410.853,430.464,478.272,477.685,497.78,526.652,559.345,582.321,637.914,645.905
Burundi,Burundi,Africa,Eastern Africa,70,69,72,74,75,76,76,77,78,80,74,68,70,70,72,71,76,76,78,79.2445,81.735,83.2794,85.4115,87.8108,88.366,87.9857,90.3357,91.5061,93.7265,71.2766,71.6589,99.5158,101.453,101.607,106.259,108.556,112.052,114.934,118.229
Cabo Verde,Cabo Verde,Africa,Western Africa,2,2,2,2,2,2,2,2,2,2,3,3,3,3,3,3,3,3,4,3.82118,3.96335,4.13227,4.61141,4.72931,4.54576,4.91259,4.59645,4.83376,5.1447,5.2709,5.27283,5.429,5.56365,5.77277,5.9609,6.11004,6.27727,6.43869,6.60678
Cambodia,Cambodia,Asia + Pacific,South East Asia,956,771,646,510,384,446,437,454,460,377,560,521,610,692,474,577,613,614,691,676.681,719.796,675.142,728.359,729.49,644.854,760.485,713.454,731.867,972.783,760.444,713.565,761.008,843.116,879.718,929.482,975.074,1152.23,1969.75,1555.16
Cameroon,Cameroon,Africa,Central Africa,395,390,380,409,326,359,380,450,395,432,545,470,524,614,620,588,674,667,522,640.452,760.96,650.937,719.795,697.225,637.561,688.877,687.501,698.134,617.169,627.399,754.424,776.398,644.7,640.191,659.646,652.357,754.87,1134.98,948.917
Canada,Canada,North America,North America,3205,3245,3145,3207,3166,3084,3227,3103,2978,3481,3760,3738,3286,3292,3387,3508,3489,3531,3736,4397.59,3674.45,3879.71,3971.46,4256.66,4974.64,5220.11,4662.36,4673.44,5473.72,4989.61,4865.23,4907.29,5086.62,5292.25,5452.38,5167.59,5140.67,5141.65,5135.71
Cayman Islands,United Kingdom of Great Britain and Northern Ireland,Latin America + Caribbean,Caribbean,1,1,1,1,1,1,1,1,1,1,1,1,1,1,1,1,1,1,1,0.786486,0.837639,0.844245,0.867839,0.888475,0.920029,0.946114,0.968719,0.983228,1.00622,1.03422,1.05842,1.08087,1.10448,1.12528,1.14764,1.16958,1.19556,1.23211,1.27285
Central African Republic,Central African Republic,Africa,Central Africa,1376,1308,1276,1451,931,1072,1144,1498,1119,1309,1838,1351,1706,1506,1469,1228,1267,1373,1202,1415.63,2012.04,1359.02,1746.23,1539.18,1508.83,1793.24,1727.85,1768.73,1078.11,1155.69,1269.68,1737.26,1131.37,1241.52,1146.67,1225.71,4370.27,7025.38,4636.93
Chad,Chad,Africa,Central Africa,383,382,394,390,299,319,332,380,355,381,438,395,434,412,369,345,359,382,376,408.261,477.983,419.36,462.217,445.857,447.773,483.863,482.36,516.547,509.25,546.432,563.405,556.048,564.833,614.505,651.652,615.027,824.08,783.391,863.293
Chile,Chile,Latin America + Caribbean,South America,520,541,584,584,582,604,624,590,596,605,603,574,564,555,555,524,527,541,558,568.277,570.882,578.56,595.49,635.877,665.165,690.574,719.4,751.832,757.52,799.136,806.135,832.131,839.131,837.744,845.015,866.506,875.687,855.829,856.903
China,China,Asia + Pacific,North East Asia,37461,39025,39600,39659,39843,40984,41341,41812,42089,41957,41714,41335,41785,42745,43616,43610,44425,45148,46152,47587.4,48801.2,48647,48501.8,48165.9,49008.9,51655.7,52535,51269.5,50963.8,50772.9,50185.9,50587.7,52218,55118.8,60116,63763.6,66857.5,69319.3,73757.2
China Hong Kong Special Administrative Region,China,Asia + Pacific,North East Asia,NULL,NULL,NULL,NULL,NULL,NULL,NULL,NULL,NULL,NULL,NULL,NULL,NULL,NULL,NULL,NULL,NULL,NULL,NULL,NULL,NULL,NULL,NULL,NULL,NULL,NULL,NULL,NULL,NULL,NULL,NULL,NULL,NULL,NULL,NULL,NULL,NULL,NULL,NULL
China Macao Special Administrative Region,China,Asia + Pacific,North East Asia,NULL,NULL,NULL,NULL,NULL,NULL,NULL,NULL,NULL,NULL,NULL,NULL,NULL,NULL,NULL,NULL,NULL,NULL,NULL,NULL,NULL,NULL,NULL,NULL,NULL,NULL,NULL,NULL,NULL,NULL,NULL,NULL,NULL,NULL,NULL,NULL,NULL,NULL,NULL
Christmas Island,Australia,Asia + Pacific,South East Asia,NULL,NULL,NULL,NULL,NULL,NULL,NULL,NULL,NULL,NULL,NULL,NULL,NULL,NULL,NULL,NULL,NULL,NULL,NULL,NULL,NULL,NULL,NULL,NULL,NULL,NULL,NULL,NULL,NULL,NULL,NULL,NULL,NULL,NULL,NULL,NULL,NULL,NULL,NULL
Cocos (Keeling) Islands,Australia,Asia + Pacific,South Pacific,NULL,NULL,NULL,NULL,NULL,NULL,NULL,NULL,NULL,NULL,NULL,NULL,NULL,NULL,NULL,NULL,NULL,NULL,NULL,NULL,NULL,NULL,NULL,NULL,NULL,NULL,NULL,NULL,NULL,NULL,NULL,NULL,NULL,NULL,NULL,NULL,NULL,NULL,NULL
Colombia,Colombia,Latin America + Caribbean,South America,1758,1741,1818,1814,1895,1977,2054,2038,2138,2149,2153,2165,2214,2187,2087,2109,2160,2266,2258,2324.7,2392.97,2355.3,2415.63,2480.82,2428.36,2504.22,2568.91,2585.04,2586.15,2480.16,2624.69,2597.04,2638.96,2678.26,2738.07,2749.78,2842.44,2933.32,3002.57
Comoros,Comoros,Africa,Western Indian Ocean,7,7,7,7,7,7,8,8,8,8,8,8,8,8,8,8,8,8,8,8.56154,8.6223,8.79634,9.02222,9.20721,9.44664,9.68622,9.92297,10.1048,10.4055,10.7445,10.6617,11.0156,11.3011,11.2103,11.4335,11.6684,11.9932,12.153,12.4048
Congo,Congo,Africa,Central Africa,318,199,213,250,241,256,236,245,252,314,271,247,274,275,229,235,234,300,240,267.569,342.581,294.486,417.773,270.765,300.341,318.513,305.629,309.759,323.485,295.546,383.314,435.194,287.134,312.84,349.384,366.239,313.233,415.556,317.263
Cook Islands,New Zealand,Asia + Pacific,South Pacific,0,0,0,0,0,0,0,0,0,0,0,0,0,0,0,0,0,0,0,0.149277,0.149297,0.147588,0.149147,0.176761,0.192205,0.197761,0.207808,0.206888,0.206854,0.209586,0.211605,0.206508,0.20337,0.16267,0.16885,0.169163,0.171822,0.172598,0.175022
Costa Rica,Costa Rica,Latin America + Caribbean,Meso America,124,127,132,145,148,152,153,157,163,170,171,180,181,184,190,184,183,182,179,174.473,179.454,178.91,177.409,172.02,159.193,145.324,145.224,142.009,145.154,140.526,138.9,135.653,131.781,129.978,127.736,115.946,111.655,107.363,103.226
Côte d'Ivoire,Côte d'Ivoire,Africa,Western Africa,372,360,357,393,299,332,350,421,354,392,491,402,474,441,441,400,414,439,413,459.146,578.392,463.02,543.421,504.683,512.668,575.226,569.963,587.339,571.684,505.52,677.948,645.294,636.747,492.173,509.849,594.02,627.517,648.448,689.927
Croatia,Croatia,Europe,Central Europe,142,144,146,151,159,166,168,170,171,170,168,169,170,169,171,176,175,179,190,195.287,198.378,197.624,192.811,195.786,185.474,185.953,182.822,183.562,180.934,181.026,188.261,194.096,199.157,209.278,214.048,215.07,225.788,231.993,231.511
Cuba,Cuba,Latin America + Caribbean,Caribbean,648,580,563,589,584,577,574,570,576,583,565,555,579,564,578,570,573,569,571,585.848,574.386,570.173,556.005,501.246,522.612,496.119,532.556,521.944,504.646,500.372,502.905,485.952,500.801,483.886,472.234,441.627,422.876,409.763,400.541
Cyprus,Cyprus,Europe,Central Europe,16,16,17,17,16,12,13,13,14,14,15,15,16,17,18,18,19,19,20,20.2322,20.992,21.7595,22.1994,23.0643,24.5887,24.9278,25.6949,26.3681,26.7582,26.8528,27.057,27.842,29.1096,29.8558,29.7195,29.4057,29.2869,29.2889,29.1907
Czech Republic,Czech Republic,Europe,Central Europe,855,863,866,864,871,892,902,939,930,966,940,945,947,959,961,958,951,948,942,916.831,868.913,811.392,716.228,640.871,586.452,554.459,610.603,601.794,569.784,551.924,616.995,616.77,597.875,592.557,588.202,573.993,571.71,574.077,565.202
Democratic People's Republic of Korea,Democratic People's Republic of Korea,Asia + Pacific,North East Asia,715,692,710,756,739,755,782,840,941,960,1001,1022,1035,1121,1084,1102,1103,1117,1078,1026.47,1029.79,977.366,976.044,915.936,872.181,846.432,822.896,818.02,753.026,800.621,824.938,847.894,832.377,848.154,872.935,919.078,925.812,857.299,890.68
Democratic Republic of the Congo,Democratic Republic of the Congo,Africa,Central Africa,5694,2344,2670,2994,2360,3168,2618,3264,3510,5195,3924,3133,3782,3711,2362,2461,2309,3999,2174,2748.08,4682.83,3498.43,6800.84,2829.6,3727.88,3886.09,3012.44,2776.89,3171.81,2423.2,3033.1,2779.7,3137.22,2518.93,3032.1,2746.89,4541.44,9032.26,3306.94
Denmark,Denmark,Europe,Western Europe,366,360,370,378,382,381,385,388,397,400,402,399,395,396,388,386,383,380,373,375.189,380.06,387.272,389.694,396.627,390.468,390.529,390.686,393.668,392.181,384.216,387.1,393.216,386.085,383.549,379.191,378.896,373.611,372.22,374.474
Djibouti,Djibouti,Africa,Eastern Africa,7,7,8,8,8,9,9,10,11,11,12,12,12,13,14,15,16,17,18,18.9441,19.8856,20.3057,20.6046,21.175,21.955,23.3041,24.3128,24.7839,25.3817,26.3533,26.6975,27.0809,27.2804,27.5351,27.8975,28.1237,28.3951,28.6958,28.9977
Dominica,Dominica,Latin America + Caribbean,Caribbean,1,1,1,1,1,1,1,1,1,1,1,1,1,1,1,1,1,2,2,1.74753,1.73099,1.73157,1.7422,1.75225,1.76323,1.77592,1.78487,1.79147,1.80005,1.81315,1.81611,1.8256,1.83059,1.83212,1.83666,1.84207,1.85215,1.86332,1.8716
Dominican Republic,Dominican Republic,Latin America + Caribbean,Caribbean,180,191,193,198,220,235,252,253,244,255,257,249,262,275,277,274,273,276,277,288.266,285.858,298.615,333.508,324.538,319.925,321.97,331.944,330.865,331.252,296.312,296.989,313.628,319.995,316.205,320.094,318.687,321.084,320.233,320.497
Ecuador,Ecuador,Latin America + Caribbean,South America,315,288,302,313,323,335,344,340,336,359,372,380,388,384,424,443,478,471,512,520.968,523.202,542.171,570.704,601.211,656.638,678.939,692.171,661.118,649.68,648.351,611.917,632.947,617.227,677.466,730.235,720.68,720.697,711.066,703.807
Egypt,Egypt,Africa,Northern Africa,989,982,972,945,990,1000,1028,1009,1019,1008,991,1006,1038,1052,1087,1104,1132,1171,1181,1239.45,1285.4,1340.67,1389.05,1445.06,1463.42,1500.39,1516.73,1555.33,1520.67,1649.95,1712.21,1748.05,1883.73,1997.81,2071.95,2283.77,2368.35,2392.01,2476.34
El Salvador,El Salvador,Latin America + Caribbean,Meso America,107,102,105,100,104,107,112,122,127,131,121,115,108,107,109,113,114,117,120,122.863,127.283,131.724,135.003,132.029,135.705,128.332,139.938,135.745,129.95,137.538,133.213,142.95,153.764,146.915,148.794,150.096,152.135,147.324,148.893
Equatorial Guinea,Equatorial Guinea,Africa,Central Africa,4,4,4,4,4,4,4,4,4,4,4,4,4,5,5,5,5,5,5,5.39168,5.604,12.9528,20.5313,28.0747,35.4225,37.5407,40.991,57.9101,69.8617,75.3367,80.261,103.907,89.7984,94.8583,117.139,120.497,123.849,130.378,131.086
Eritrea,Eritrea,Africa,Eastern Africa,86,86,85,86,85,84,84,85,86,86,88,88,89,91,89,91,94,92,93,96.7524,98.5979,99.2428,103.262,91.7227,93.4236,95.8112,106.547,118.9,120.838,126.417,127.726,121.629,114.878,117.378,122.777,124.456,127.506,132.188,132.119
Estonia,Estonia,Europe,Central Europe,105,109,113,115,119,121,122,123,125,126,126,125,127,129,130,132,134,136,146,155.402,162.264,155.502,136.955,113.647,105.219,100.469,106.306,107.314,103.464,99.2339,101.723,102.686,99.2913,104.147,107.465,105.347,105.803,107.323,107.235
Ethiopia,Ethiopia,Africa,Eastern Africa,1557,1556,1535,1574,1490,1472,1480,1553,1513,1555,1641,1578,1644,1654,1616,1643,1724,1673,1663,1769.47,1903.87,1856.6,1998.68,1914.62,1926.29,1993.05,2051,2121.18,2237.16,2297.89,2199.61,2230.01,2496.08,2425.63,2428.52,2521.89,2782.36,2800.08,2869.63
Falkland Islands (Malvinas),United Kingdom of Great Britain and Northern Ireland,Latin America + Caribbean,South America,4,4,4,4,4,4,4,4,4,4,4,4,4,4,4,4,4,4,4,4.27764,4.21963,4.13505,4.04182,4.08042,4.10225,4.03979,3.86731,4.00887,3.98389,3.9374,3.98597,3.87726,3.88136,3.88484,3.88534,3.88547,3.88672,3.88791,3.88907
Faroe Islands,Denmark,Europe,Western Europe,1,1,1,1,1,1,1,1,1,1,1,1,1,1,1,1,1,2,2,1.55506,1.57757,1.59643,1.61432,1.63029,1.6412,1.65078,1.65978,1.6684,1.67647,1.68469,1.693,1.70078,1.70872,1.71676,1.72506,1.73402,1.74495,1.75822,1.77329
Fiji,Fiji,Asia + Pacific,South Pacific,20,19,20,20,21,22,22,23,22,24,24,25,26,25,27,27,29,29,30,30.0669,30.2476,30.8028,30.9884,32.7649,33.858,34.9759,34.9423,34.7174,34.1586,33.6135,33.5625,34.1544,33.1885,32.802,32.9812,33.1604,33.3327,33.5093,33.6696
Finland,Finland,Europe,Western Europe,475,471,475,478,476,448,452,452,459,469,478,482,472,472,436,444,445,447,451,460.661,479.455,466.698,461.878,468.623,482.664,485.859,476.132,483.479,493.989,490.498,492.511,488.732,472.031,477.566,480.1,464.757,466.806,460.425,453.15
France,France,Europe,Western Europe,3947,3887,3859,3848,3861,3945,4061,4213,4241,4287,4203,4082,3941,3952,3958,3896,3842,3743,3605,3596.15,3607.12,3654.47,3599.15,3544.06,3512.13,3534.52,4242.57,4154.48,4106.78,4106.67,4078.42,4062.77,3996.89,3968.65,3950.65,3948.17,3963.41,3956.09,3947.27
French Guiana,France,Latin America + Caribbean,South America,2,1,2,1,2,2,2,2,2,2,2,2,3,3,3,3,3,4,4,3.75528,4.10175,4.32116,4.38827,4.36248,3.96521,4.165,4.44516,4.58507,5.36167,4.44196,4.80168,4.58547,4.50866,4.14964,4.82842,4.84829,5.19779,5.38543,5.66467
Gabon,Gabon,Africa,Central Africa,42,43,46,102,109,126,131,130,131,142,133,130,130,120,140,157,122,116,114,150.291,165.643,159.533,175.593,168.553,173.145,189.697,202.175,192.764,223.027,200.097,194.382,215.549,197.881,216.322,211.971,204.665,167.864,150.409,249.891
Gambia,Gambia,Africa,Western Africa,24,24,23,23,23,23,24,25,24,24,26,26,27,25,24,24,26,27,27,27.5818,29.2534,28.3903,29.5617,28.9903,29.9984,31.3927,31.5693,31.5207,31.2577,32.1314,34.3721,37.3509,37.6045,31.4014,34.9756,35.9241,36.4582,49.6964,42.5331
Georgia,Georgia,Europe,Eastern Europe,166,173,179,183,188,192,193,193,192,191,190,189,185,183,187,188,190,193,242,242.553,239.773,230.983,230.557,220.836,189.841,196.012,207.748,194.311,194.539,192.688,197.02,199.327,200.481,203.33,206.186,210.148,215.603,221.588,224.201
Germany,Germany,Europe,Western Europe,6033,6003,5895,5888,5950,5915,5924,5879,5948,6092,6145,6144,6079,5933,5901,5994,5915,5748,5616,5590.19,5499.35,5198.33,4881,4660.23,4501.58,4408,4241.29,4131.62,3953.34,3817.41,3628.96,3453.19,3274.92,3157.94,3034.24,2941.14,2860.18,2837.83,2746.13
Ghana,Ghana,Africa,Western Africa,249,247,251,265,238,250,256,293,264,276,318,289,313,302,311,299,306,321,309,335.814,377.368,338.795,383.353,385.048,399.112,427.772,432.552,444.127,430.549,412.157,458.472,464.231,440.146,435.243,418.385,475.016,527.093,794.102,1071.31
Gibraltar,United Kingdom of Great Britain and Northern Ireland,Europe,Western Europe,0,0,0,0,0,0,0,0,0,0,0,0,0,0,0,0,0,0,0,0.227918,0.232566,0.239204,0.25008,0.25296,0.258635,0.260602,0.262605,0.266001,0.269476,0.272715,0.2757,0.277422,0.278021,0.279859,0.279619,0.279742,0.284095,0.290412,0.294179
Greece,Greece,Europe,Western Europe,280,280,288,304,325,330,332,330,324,325,324,329,325,329,329,334,338,347,353,359.398,368.306,364.439,357.346,359.442,365.932,367.198,371.805,379.982,388.884,375.959,385.698,391.949,388.651,390.585,393.236,391.172,394.011,395.969,391.074
Greenland,Denmark,Polar,Arctic,1,1,1,1,1,1,1,1,1,1,1,1,1,1,1,1,1,1,1,1.10715,1.12718,1.14652,1.16896,1.18618,1.20206,1.2167,1.2303,1.24296,1.25409,1.26429,1.26374,1.27219,1.26988,1.28107,1.28709,1.29551,1.30396,1.31295,1.32165
Grenada,Grenada,Latin America + Caribbean,Caribbean,1,1,1,1,1,1,1,1,1,1,1,1,1,1,1,1,1,1,1,1.15462,1.17861,1.19626,1.21513,1.23082,1.25005,1.26568,1.34388,1.37065,1.34856,1.4105,1.46156,1.48939,1.54279,1.56704,1.58327,1.61187,1.63645,1.64922,1.66643
Guadeloupe,France,Latin America + Caribbean,Caribbean,10,10,9,10,9,9,10,10,10,10,10,10,10,11,11,11,11,10,10,10.387,9.68104,10.0233,9.88549,9.74874,9.9665,9.92534,11.3077,11.572,11.4212,10.4529,10.5076,10.483,12.1287,11.416,11.2409,11.0949,11.0185,11.0821,11.1058
Guam,United States of America,Asia + Pacific,South Pacific,1,1,1,2,2,2,2,2,2,2,2,2,2,2,2,2,2,2,2,2.18368,2.21374,2.27126,2.3312,2.39174,2.45125,2.50894,2.5643,2.61988,2.66974,2.72328,2.77705,2.83115,2.88574,2.93679,2.98837,3.03939,3.091,3.14666,3.20706
Guatemala,Guatemala,Latin America + Caribbean,Meso America,153,165,174,174,170,175,161,172,177,191,199,201,212,214,214,216,219,223,230,225.607,228.494,242.377,245.529,260.758,253.13,255.203,260.633,257.704,987.897,287.425,923.082,293.228,344.242,596.59,298.062,400.167,294.139,300.978,303.04
Guernsey,United Kingdom of Great Britain and Northern Ireland,Europe,Western Europe,NULL,NULL,NULL,NULL,NULL,NULL,NULL,NULL,NULL,NULL,NULL,NULL,NULL,NULL,NULL,NULL,NULL,NULL,NULL,NULL,NULL,NULL,NULL,NULL,NULL,NULL,NULL,NULL,NULL,NULL,NULL,NULL,NULL,NULL,NULL,NULL,NULL,NULL,NULL
Guinea,Guinea,Africa,Western Africa,340,333,329,359,301,319,327,366,310,326,411,356,396,374,371,330,310,320,297,328.749,414.935,335.256,360.273,343.393,347.517,399.95,421.561,396.526,389.462,451.795,419.87,488.542,489.514,421.836,436.615,481.364,963.803,1047,1586.45
Guinea-Bissau,Guinea-Bissau,Africa,Western Africa,26,26,26,28,29,34,38,38,32,33,36,39,50,45,42,34,34,34,34,36.9763,41.0299,38.3256,41.1688,40.5507,41.157,43.5323,43.0743,42.999,45.304,49.2514,45.7639,51.8322,49.125,46.53,50.4122,50.8389,57.1125,60.3007,58.0217
Guyana,Guyana,Latin America + Caribbean,South America,98,81,78,77,90,102,90,94,91,77,81,74,79,70,67,61,65,70,62,60.0852,59.8168,66.2258,75.255,83.7661,68.877,80.2166,79.8785,79.1517,200.489,58.5423,51.4002,62.247,58.7929,62.0484,63.2684,62.5723,55.4707,59.6528,65.5738
Haiti,Haiti,Latin America + Caribbean,Caribbean,141,144,149,149,148,149,151,154,160,164,171,163,168,170,172,171,159,157,158,156.678,157.514,164.384,174.433,176.867,178.292,179.865,185.252,186.911,189.37,192.493,196.787,201.097,198.38,197.535,198.764,202.64,205.584,211.111,213.908
Holy See,Holy See,Europe,Western Europe,NULL,NULL,NULL,NULL,NULL,NULL,NULL,NULL,NULL,NULL,NULL,NULL,NULL,NULL,NULL,NULL,NULL,NULL,NULL,NULL,NULL,NULL,NULL,NULL,NULL,NULL,NULL,NULL,NULL,NULL,NULL,NULL,NULL,NULL,NULL,NULL,NULL,NULL,NULL
Honduras,Honduras,Latin America + Caribbean,Meso America,122,126,129,130,142,145,143,150,151,163,161,157,175,185,197,196,197,199,196,188.004,189.113,201.329,191.913,187.05,198.124,191.872,198.535,188.151,190.708,154.979,164.139,171.379,199.041,227.74,233.275,248.626,246.715,252.962,257.896
Hungary,Hungary,Europe,Central Europe,495,505,483,501,531,514,516,532,560,567,578,579,549,551,556,553,526,527,518,516.036,479.415,471.462,421.574,390.3,366.693,356.17,413.549,409.688,401.022,396.613,392.449,392.877,401.579,399.271,393.977,376.188,370.919,359.68,352.838
Iceland,Iceland,Europe,Western Europe,15,14,15,16,16,17,17,17,17,17,16,16,16,16,16,17,16,16,16,15.9661,16.2713,16.1922,15.9984,15.8584,16.0542,15.8301,16.0764,16.1318,16.2503,16.3031,16.025,16.3186,15.7959,15.9685,15.8446,15.9912,16.8232,17.5693,17.4825
India,India,Asia + Pacific,South Asia,18962,19116,19126,19433,19592,20041,20069,20440,20630,20742,21168,21599,21669,22338,22717,22878,23512,23727,24752,25377.8,24462.1,24807.6,24977.2,25196.1,25515.6,25822.4,26075.2,26235.2,26344.7,27198.3,26749.2,27070.3,26949.5,27394.6,27510.3,27841.7,28081.2,28479.5,28874.5
Indonesia,Indonesia,Asia + Pacific,South East Asia,6032,5681,9302,6520,5837,5765,7036,9946,7271,8766,8695,8041,22666,11009,7765,7945,10842,15746,7654,8177.34,10072.9,18621.7,17363.8,10942,17027,9529.85,9346.84,43469.4,13177,8663.73,8096.77,9682.55,16310.7,10308.7,11925.2,14640.7,24568.8,10205.9,10282.7
Iran (Islamic Republic of),Iran (Islamic Republic of),Asia + Pacific,South Asia,2477,2629,2891,3282,3323,3030,3335,3236,3093,2304,1736,1666,2164,2137,1826,1833,1827,1904,1870,2001.3,2702.33,2861.88,2925.83,2995.14,3208.21,3293.04,3405.41,3501.46,3502.5,3584.5,3798.5,3842.42,3990.46,4413.47,4632.01,4775.75,4984.34,5142.04,5215.54
Iraq,Iraq,West Asia,Mashriq,937,1042,977,1088,1106,1180,1345,1223,1267,1528,1289,740,752,736,804,922,1048,1058,1113,1172.52,1020.07,532.79,577.08,615.042,630.521,632.919,602.951,780.649,918.234,1017.94,1063.25,1063.89,987.821,890.045,1013.46,983.714,1015.84,1011.58,1079.86
Ireland,Ireland,Europe,Western Europe,484,494,496,520,549,549,540,552,561,573,578,568,578,595,604,614,616,613,612,627.666,661.152,671.717,672.461,681.537,685.29,690.36,699.157,707.247,720.247,706.474,709.361,715.212,714.514,757.763,730.273,712.361,712.527,696.066,686.419
Isle of Man,United Kingdom of Great Britain and Northern Ireland,Europe,Western Europe,NULL,NULL,NULL,NULL,NULL,NULL,NULL,NULL,NULL,NULL,NULL,NULL,NULL,NULL,NULL,NULL,NULL,NULL,NULL,NULL,NULL,NULL,NULL,NULL,NULL,NULL,NULL,NULL,NULL,NULL,NULL,NULL,NULL,NULL,NULL,NULL,NULL,NULL,NULL
Israel,Israel,Europe,Western Europe,62,63,65,67,66,74,63,64,66,67,69,69,72,74,76,77,80,83,87,88.7796,90.9607,92.8634,97.01,101.51,111.779,115.166,118.276,119.98,123.269,125.89,128.356,131.727,134.832,139.522,158.427,164.402,176.959,182.854,186.551
Italy,Italy,Europe,Western Europe,1928,1869,1890,1941,1947,1938,2003,2042,2055,2082,2091,2090,2090,2045,2149,2166,2170,2183,2207,2227.07,2246.08,2203.86,2208.13,2184.22,2212.61,2213.8,2262.65,2248.26,2229.63,2211.69,2228.15,2125.92,2078.22,2029.63,1955.26,1911.65,1851.07,1829.46,1780.58
Jamaica,Jamaica,Latin America + Caribbean,Caribbean,39,39,40,40,40,41,41,41,41,41,42,41,42,45,51,49,52,52,52,52.3478,58.8625,62.2162,65.5091,66.1951,65.5829,66.8197,65.8022,64.7982,64.6559,65.3061,65.5355,60.5185,60.3774,62.2386,62.8075,62.0645,62.6138,62.9707,63.2358
Japan,Japan,Asia + Pacific,North East Asia,4848,4442,4253,4182,4137,4055,4081,4077,3827,3781,3688,3602,3561,3553,3565,3550,3501,3331,3261,3226.2,3187.5,3111.12,3093.32,3026.86,2978.05,2854.42,2705.03,2579.02,2420.7,2356.86,2261.72,2198.59,2105.72,2066.72,2045.86,2012.17,1997.15,1980.93,1951.91
Jersey,United Kingdom of Great Britain and Northern Ireland,Europe,Western Europe,NULL,NULL,NULL,NULL,NULL,NULL,NULL,NULL,NULL,NULL,NULL,NULL,NULL,NULL,NULL,NULL,NULL,NULL,NULL,NULL,NULL,NULL,NULL,NULL,NULL,NULL,NULL,NULL,NULL,NULL,NULL,NULL,NULL,NULL,NULL,NULL,NULL,NULL,NULL
Johnston Atoll,United States of America,Asia + Pacific,South Pacific,NULL,NULL,NULL,NULL,NULL,NULL,NULL,NULL,NULL,NULL,NULL,NULL,NULL,NULL,NULL,NULL,NULL,NULL,NULL,NULL,NULL,NULL,NULL,NULL,NULL,NULL,NULL,NULL,NULL,NULL,NULL,NULL,NULL,NULL,NULL,NULL,NULL,NULL,NULL
Jordan,Jordan,West Asia,Mashriq,17,18,19,21,21,21,20,21,22,24,24,26,27,27,28,30,29,32,34,37.5111,41.2362,46.2409,53.0361,56.2441,56.118,58.3137,60.9447,61.098,64.0748,63.7797,66.6355,65.673,70.6705,75.638,80.9976,87.2307,93.0506,99.1268,104.923
Kazakhstan,Kazakhstan,Europe,Central Asia,3249,3252,3549,3352,3311,3358,3476,3402,3358,3201,3091,3011,2994,2878,3075,2933,3016,3012,3159,3253.39,3305.36,3057.28,3050.45,2948.91,2529.56,2079.26,2428.7,1918.32,1740.03,1583.45,1846.6,1930.91,2228.84,2308.26,2477.06,2587.78,2743.49,2829.46,3026.54
Kenya,Kenya,Africa,Eastern Africa,572,583,598,608,618,629,628,642,686,739,697,696,750,818,844,841,856,862,911,946.817,967.824,955.598,971.095,989.386,1020.42,1032.22,994.431,1008.32,1046.95,1101.36,1061.11,1090.36,1119.67,1160.66,1218.3,1219.75,1256.32,1264.03,1307.01
Kiribati,Kiribati,Asia + Pacific,South Pacific,0,0,0,0,0,0,0,0,0,0,0,0,0,0,0,0,0,0,0,0.486597,0.483367,0.49313,0.503244,0.512688,0.522244,0.533488,0.549177,0.561579,0.575121,0.590663,0.608716,0.62287,0.641151,0.651935,0.665028,0.676369,0.690657,0.708251,0.724976
Kuwait,Kuwait,West Asia,Arabian Peninsula,1043,1099,1106,951,739,591,576,513,588,630,438,308,239,286,308,307,310,313,346,405.868,258.102,111.672,275.448,405.155,492.758,485.937,493.61,510.169,492.262,457.954,493.754,475.421,461.255,539.209,565.075,616.46,628.505,604.381,610.342
Kyrgyzstan,Kyrgyzstan,Europe,Central Asia,217,225,240,234,238,243,245,244,245,247,249,248,251,251,257,260,264,268,271,275.742,277.272,264.427,248.202,234.356,210.87,176.102,183.964,164.403,160.182,162.341,165.986,165.382,168.239,169.264,168.58,171.012,168.571,171.678,174.499
Lao People's Democratic Republic,Lao People's Democratic Republic,Asia + Pacific,South East Asia,332,268,295,354,264,260,227,298,336,329,377,350,349,496,339,311,341,390,327,279.926,387.637,341.835,442.489,380.137,365.384,392.87,338.532,352.064,938.487,817.159,343.78,372.776,410.021,393.995,616.228,514.166,410.568,389.272,396.744
Latvia,Latvia,Europe,Central Europe,158,165,170,174,179,184,185,186,189,191,191,192,194,198,202,206,209,212,227,245.55,260.395,261.121,251.286,223.405,168.803,150.274,150.801,147.073,144.167,139.886,135.215,139.553,162.706,146.277,148.54,147.852,150.71,150.991,151.996
Lebanon,Lebanon,West Asia,Mashriq,26,27,27,28,28,27,26,27,29,28,30,30,30,30,30,31,31,32,32,32.3572,33.2411,34.9295,36.0959,37.139,38.0131,38.459,40.1923,40.8273,42.2858,42.5525,43.0763,43.5058,45.032,45.9873,46.4695,48.703,49.5672,50.4948,51.8836
Lesotho,Lesotho,Africa,Southern Africa,54,50,49,48,49,51,50,47,47,50,52,53,54,54,53,55,55,63,61,59.088,54.1762,54.6018,61.3895,58.5806,57.4601,56.3924,53.6513,52.6403,52.327,58.2005,54.7121,53.5216,62.791,62.2177,51.9097,57.9009,57.5216,58.5234,59.2476
Liberia,Liberia,Africa,Western Africa,23,24,25,26,26,26,26,30,30,32,33,33,34,34,35,36,39,40,42,43.4843,42.3658,40.2456,39.3372,36.8398,36.0295,36.7378,38.8239,42.7658,47.6943,52.559,55.0309,60.7089,59.4336,59.1809,63.2506,62.7306,70.71,76.7952,77.1982
Libya,Libyan Arab Jamahiriya,Africa,Northern Africa,1414,1123,902,870,636,697,819,839,837,880,840,616,652,601,582,565,713,641,679,687.735,797.986,818.246,720.758,690.869,702.238,746.684,764.656,679.773,650.989,599.278,623.438,596.762,587.676,668.279,701.208,783.55,836.189,838.813,860.345
Liechtenstein,Liechtenstein,Europe,Western Europe,NULL,NULL,NULL,NULL,NULL,NULL,NULL,NULL,NULL,NULL,NULL,NULL,NULL,NULL,NULL,NULL,NULL,NULL,NULL,NULL,NULL,NULL,NULL,NULL,NULL,NULL,NULL,NULL,NULL,NULL,NULL,NULL,NULL,NULL,NULL,NULL,NULL,NULL,NULL
Lithuania,Lithuania,Europe,Central Europe,218,229,235,242,248,255,256,260,267,272,273,277,279,286,291,297,301,306,330,360.558,362.017,352.083,328.048,282.955,257.84,245.525,242.04,243.115,245.775,239.217,238.092,231.248,243.098,237.95,240.647,240.141,242.686,242.665,245.681
Luxembourg,Luxembourg,Europe,Western Europe,34,34,35,36,38,38,39,40,41,42,43,43,43,44,44,45,44,45,45,45.8023,46.6369,53.0172,55.9509,56.374,58.3086,59.4842,48.9698,53.1306,49.0758,48.8859,48.5092,52.1395,50.0459,49.7104,47.3219,50.1566,50.9702,53.1636,54.5949
Madagascar,Madagascar,Africa,Western Indian Ocean,724,597,619,642,632,664,646,694,727,779,761,742,765,764,725,727,728,766,718,744.776,811.708,775.747,884.573,781.238,800.052,813.793,792.607,788.197,929.842,907.296,851.886,827.524,743.609,814.652,775.256,915,804.163,848.626,892.267
Malawi,Malawi,Africa,Southern Africa,152,111,120,123,119,135,132,139,144,169,153,146,158,159,146,154,155,183,155,165.683,192.715,177.354,221.241,170.514,180.882,184.476,175.55,172.158,188.713,179.826,186.107,185.036,188.457,193.362,189.093,196.001,196.418,198.355,199.998
Malaysia,Malaysia,Asia + Pacific,South East Asia,682,567,653,780,594,610,621,748,790,811,865,781,790,1191,907,840,970,1120,1014,916.36,1124.76,1115.11,1332.04,1272.79,1235.39,1349.77,1331.7,1417.33,1792.15,1381.24,1395.66,1357.86,1501.61,1473.88,1657.91,1742.04,1596.37,1594.67,1681.23
Maldives,Maldives,Asia + Pacific,South Asia,1,1,1,1,1,1,1,1,1,1,1,1,1,1,1,1,1,1,1,1.15312,1.184,1.21583,1.24675,1.28034,1.33246,1.38176,1.4193,1.45808,1.51087,1.56673,1.62932,1.68593,1.77395,1.83759,1.90832,1.98356,2.07397,2.16059,2.25061
Mali,Mali,Africa,Western Africa,394,397,361,355,309,338,344,365,350,394,441,429,470,419,383,353,364,371,390,408.563,449.489,423.255,448.068,448.039,463.989,496.497,505.812,521.021,549.803,554.852,556.488,591.204,571.683,600.655,642.328,651.69,677.822,790.357,830.376
Malta,Malta,Europe,Western Europe,5,5,5,5,5,5,6,6,6,6,6,6,6,7,7,7,8,8,8,8.38077,8.73349,9.06034,9.31459,9.57314,9.76105,9.96462,10.3337,10.7241,10.723,10.8928,10.9637,11.1152,11.1984,11.288,11.5638,11.6349,11.7698,11.8477,11.1488
Marshall Islands,Marshall Islands,Asia + Pacific,South Pacific,0,0,0,0,0,0,0,0,0,0,0,0,0,0,0,0,0,0,0,0.220016,0.230271,0.241027,0.250778,0.258602,0.266101,0.272664,0.283091,0.28777,0.289154,0.290538,0.292091,0.295031,0.298979,0.304095,0.310421,0.317097,0.324107,0.333563,0.344202
Martinique,France,Latin America + Caribbean,Caribbean,7,8,8,8,8,8,8,8,8,8,9,9,9,9,9,9,9,9,9,8.99861,9.13884,9.26979,9.30572,9.17265,9.25479,9.30798,9.26923,9.0672,9.04156,9.04512,9.1268,9.16032,8.93771,9.02152,9.12027,9.19614,9.30192,9.46751,9.62171
Mauritania,Mauritania,Africa,Western Africa,150,146,135,132,115,118,123,128,131,134,138,147,151,138,133,140,144,149,155,161.399,168.722,174.085,170.14,173.894,171.026,171.932,181.691,194.007,202.634,218.007,225.497,235.354,241.435,247.078,251.659,255.606,260.157,266.176,272.09
Mauritius,Mauritius,Africa,Western Indian Ocean,8,8,8,8,8,8,8,8,8,8,8,8,9,9,9,9,9,10,10,9.95846,10.0051,9.85664,10.0533,10.1219,10.2408,10.5055,10.6585,10.7689,11.0015,11.0488,11.742,12.4349,12.2067,12.3346,12.9234,13.0118,13.3335,13.5463,13.8559
Mayotte,France,Africa,Western Indian Ocean,0,0,0,0,0,0,0,0,0,0,0,0,0,0,0,0,0,0,1,0.510361,0.515129,0.520259,0.524595,0.528325,0.531605,0.534568,0.537318,0.539932,0.542328,0.544167,0.54655,0.549167,0.551598,0.554014,0.557176,0.560837,0.564937,0.570622,0.577587
Mexico,Mexico,Latin America + Caribbean,Meso America,2905,2927,2936,2955,3175,3328,3434,3465,3724,3904,4187,4431,4861,4675,4622,4693,4630,4631,4591,4691.24,4710.48,4309.95,4185.06,4279.74,4299.91,4706.05,4809.05,4903.15,5577.83,4903.58,4917.47,5159.67,5339.69,5375.96,5247.42,5422.62,5377.72,5429.91,5505.17
Micronesia (Federated States of),Micronesia (Federated States of),Asia + Pacific,South Pacific,1,1,1,1,1,1,1,1,1,1,1,1,1,1,1,1,1,1,1,0.977802,1.00905,1.04139,1.07512,1.10808,1.12214,1.29307,1.30418,1.31314,1.31793,1.32201,1.32534,1.33249,1.33991,1.34771,1.35702,1.36409,1.37195,1.3818,1.39305
Midway Island,United States of America,Asia + Pacific,South Pacific,NULL,NULL,NULL,NULL,NULL,NULL,NULL,NULL,NULL,NULL,NULL,NULL,NULL,NULL,NULL,NULL,NULL,NULL,NULL,NULL,NULL,NULL,NULL,NULL,NULL,NULL,NULL,NULL,NULL,NULL,NULL,NULL,NULL,NULL,NULL,NULL,NULL,NULL,NULL
Monaco,Monaco,Europe,Western Europe,NULL,NULL,NULL,NULL,NULL,NULL,NULL,NULL,NULL,NULL,NULL,NULL,NULL,NULL,NULL,NULL,NULL,NULL,NULL,NULL,NULL,NULL,NULL,NULL,NULL,NULL,NULL,NULL,NULL,NULL,NULL,NULL,NULL,NULL,NULL,NULL,NULL,NULL,NULL
Mongolia,Mongolia,Asia + Pacific,North East Asia,321,308,319,350,315,336,340,362,372,362,393,364,369,436,370,336,354,385,365,345.68,395.287,420.443,448.474,413.12,390.297,428.04,399.307,407.4,409.919,424.551,438.95,377.531,308.307,294.498,286.803,299.592,309.556,319.554,327.063
Montenegro,Montenegro,Europe,Central Europe,NULL,NULL,NULL,NULL,NULL,NULL,NULL,NULL,NULL,NULL,NULL,NULL,NULL,NULL,NULL,NULL,NULL,NULL,NULL,NULL,NULL,NULL,NULL,NULL,NULL,NULL,NULL,NULL,NULL,NULL,NULL,NULL,NULL,NULL,NULL,NULL,NULL,NULL,NULL
Montserrat,United Kingdom of Great Britain and Northern Ireland,Latin America + Caribbean,Caribbean,1,1,1,1,1,1,1,1,1,1,1,1,1,1,1,1,1,1,1,0.678379,0.688444,0.689979,0.699249,0.699599,0.706711,0.707688,0.704382,0.700493,0.697717,0.695071,0.754114,0.771115,0.768967,0.77244,0.774696,0.758017,0.751604,0.764509,0.764876
Morocco,Morocco,Africa,Northern Africa,404,411,400,401,394,397,398,396,410,407,424,413,352,369,361,382,411,439,420,436.63,439.234,432.06,429.681,397.039,387.867,395.315,408.406,422.361,429.446,443.803,457.156,459.973,461.146,475.873,493.645,504.826,518.259,527.659,535.904
Mozambique,Mozambique,Africa,Southern Africa,609,348,371,402,354,421,373,429,449,586,490,432,482,474,369,378,367,504,359,406.49,561.08,467.521,726.334,412.82,490.875,509.845,444.669,430.694,587.984,531.511,617.632,572.07,515.303,562.881,561.299,654.739,374.152,389.221,405.595
Myanmar,Myanmar,Asia + Pacific,South East Asia,3584,2648,3037,4073,2681,2721,2682,3592,4100,3489,4068,3616,3560,5893,3582,3155,3609,4482,3567,2631.26,3999.66,3484.26,4992.02,4153.57,3743.38,4278.77,3309.43,3279.09,3368.12,4409.47,3187.69,4388.35,3258.93,3459.92,4313.95,3725.29,3586.68,3692.77,3643.37
Namibia,Namibia,Africa,Southern Africa,191,169,174,179,190,146,142,165,168,188,185,153,145,140,134,135,141,147,141,150.181,169.212,167.433,188.262,151.578,157.094,157.614,150.236,154.411,157.003,189.641,218.173,204.605,215.335,226.385,240.532,250.06,211.476,233.673,235.331
Nauru,Nauru,Asia + Pacific,South Pacific,0,0,0,0,0,0,0,0,0,0,0,0,0,0,0,0,0,0,0,0.0873265,0.0911281,0.0949287,0.0980279,0.101052,0.103646,0.106352,0.108847,0.111485,0.114387,0.117299,0.120207,0.123207,0.125968,0.12859,0.131288,0.133999,0.136409,0.139374,0.142594
Nepal,Nepal,Asia + Pacific,South Asia,827,841,824,859,868,886,892,901,908,906,934,937,913,942,956,955,936,962,969,961.158,965.988,947.895,902.516,951.974,941.589,988.035,993.328,994.695,995.033,1015.65,1009.82,1010.83,1020.59,1038.81,1046.55,1062.71,1073.68,1086,1098.28
Netherlands,Netherlands,Europe,Western Europe,962,989,1046,1110,1191,1227,1255,1264,1275,1307,1334,1333,1317,1355,1384,1403,1441,1415,1364,1437.06,1436.61,1466.66,1470.26,1452.93,1424.88,1401.99,1394.06,1327.05,1273.83,1210.66,1162.47,1143.49,1094.57,1049.85,1060.49,1019.99,994.087,978.255,980.479
Netherlands Antilles,Netherlands,Latin America + Caribbean,Caribbean,13,13,13,14,13,9,10,10,10,10,10,10,9,9,8,5,5,5,5,5.2366,5.40729,5.37768,5.83826,5.95625,5.9979,6.04316,6.0737,5.98994,6.19546,5.91941,5.7096,5.98073,5.38424,5.27904,5.52271,5.91138,5.76494,5.82202,5.66538
New Caledonia,France,Asia + Pacific,South Pacific,9,9,8,9,8,9,8,8,9,8,8,8,8,9,10,10,10,10,10,9.59626,9.57915,9.9507,10.0487,9.84067,9.50693,9.40505,9.46916,9.44346,9.47733,9.5238,9.5014,9.54382,9.6527,9.69644,9.76466,9.84489,9.88671,9.97651,10.0724
New Zealand,New Zealand,Asia + Pacific,Australia + New Zealand,1193,1150,1197,1175,1189,1195,1208,1226,1230,1222,1297,1297,1302,1295,1316,1320,1350,1298,1316,1270.65,1270.97,1254.68,1239.73,1243.69,1284.23,1292.52,1283.14,1299.09,1269.99,1260.21,1265.9,1277.08,1306.41,1311.42,1317.07,1310.3,1324.61,1315.14,1313.12
Nicaragua,Nicaragua,Latin America + Caribbean,Meso America,191,180,182,189,204,212,214,222,223,213,190,191,202,181,197,198,184,172,184,211.362,229.101,201.95,215.29,239.806,242.204,220.708,220.206,230.137,281.155,247.366,264.995,264.151,268.763,283.371,275.03,287.814,284.669,291.319,295.172
Niger,Niger,Africa,Western Africa,247,252,257,181,182,195,209,223,236,242,248,252,262,271,202,181,190,190,196,204.372,212.492,219.825,234.099,236.657,246.437,253.058,260.106,267.735,277.112,284.176,291.577,283.395,245.326,250.376,252.94,284.729,287.037,297.277,297.749
Nigeria,Nigeria,Africa,Western Africa,1676,1964,2228,2518,2821,2392,2612,2462,2448,3130,2941,2493,2401,2405,2511,2560,2572,2502,2693,2942.91,3105.8,3243.16,3434.87,3506.44,3430.78,3639.48,3940.82,3874.42,3734.16,3676.7,3940.07,4041.55,3722.75,3955.22,4044.81,4017.5,4430.88,4875.76,4578.25
Niue,New Zealand,Asia + Pacific,South Pacific,0,0,0,0,0,0,0,0,0,0,0,0,0,0,0,0,0,0,0,0.0415042,0.0365611,0.0365873,0.0369397,0.0372048,0.0391036,0.0399682,0.0410022,0.0417376,0.0422891,0.0426967,0.0429969,0.0441242,0.0438804,0.0435121,0.0432342,0.0442543,0.0446251,0.0453749,0.0459957
Norfolk Island,Australia,Asia + Pacific,South Pacific,0,0,0,0,0,0,0,0,0,0,0,0,0,0,0,0,0,0,0,0.00406683,0.0040734,0.0040734,0.0040734,0.0040734,0.0040734,0.0040734,0.0040734,0.0040734,0.0040734,0.0040734,0.0040734,0.0040734,0.0040734,0.0040734,0.0040734,0.0040734,0.0040734,0.0040734,0.0040734
Northern Mariana Islands,United States of America,Asia + Pacific,South Pacific,0,0,0,0,0,0,0,0,0,0,0,0,0,0,0,0,0,0,0,0.214202,0.227892,0.243655,0.259701,0.27598,0.292621,0.307801,0.3256,0.343858,0.362025,0.380188,0.397974,0.416114,0.433993,0.451597,0.46926,0.486855,0.501897,0.518412,0.536546
Norway,Norway,Europe,Western Europe,327,324,336,337,340,346,366,378,415,450,485,489,494,512,535,549,558,588,609,658.21,677.942,689.062,709.521,715.489,750.21,774.32,825.365,829.49,801.739,795.653,824.365,838.481,858.869,880.322,868.159,823.188,815.721,842,842.893
Oman,Oman,West Asia,Arabian Peninsula,218,218,217,220,226,684,752,744,613,547,323,364,309,339,267,195,238,234,266,264.436,293.704,289.931,304.668,317.873,302.844,325.44,341.092,372.416,366.756,403.741,492.012,583.334,616.069,666.131,667.195,693.098,728.707,725.533,743.961
Pakistan,Pakistan,Asia + Pacific,South Asia,2691,2690,2714,2771,2863,2962,3026,3154,3276,3344,3327,3441,3499,3573,3621,3630,3963,4042,4171,4243.87,4324.18,4414.81,4456.41,4639.03,4703.81,4819.22,5030.56,5149.15,5298.49,5457.57,5577.38,5667.38,5852.23,6162.31,6393.97,6603.54,6777.56,6995.95,7173.66
Palau,Palau,Asia + Pacific,South Pacific,0,0,0,0,0,0,0,0,0,0,0,0,0,0,0,0,0,0,0,0.0527942,0.0539692,0.054847,0.0559173,0.0570986,0.0582729,0.0593528,0.0604722,0.0614986,0.0624077,0.0631841,0.0638174,0.0637445,0.0635045,0.0631484,0.0627341,0.062306,0.0625389,0.0627698,0.063037
Panama,Panama,Latin America + Caribbean,Meso America,111,116,120,121,124,126,128,127,127,129,126,128,131,130,130,129,129,128,130,130.766,131.868,133.685,135.537,137.395,139.645,139.85,139.461,130.812,139.878,131.902,132.827,149.786,150.265,149.886,152.715,153.571,156.038,158.217,160.663
Papua New Guinea,Papua New Guinea,Asia + Pacific,South Pacific,45,40,104,57,45,46,68,118,63,92,93,91,377,156,88,88,144,232,80,89.1055,115.448,261.046,233.607,124.019,228.283,100.713,87.603,650.571,118.101,74.9569,95.2815,90.0587,96.9929,79.9783,100.327,91.1277,93.1852,86.4202,94.9437
Paraguay,Paraguay,Latin America + Caribbean,South America,483,397,453,425,452,499,572,511,559,566,586,587,622,640,588,624,651,724,687,695.046,738.136,684.453,721.737,792.785,710.775,783.912,796.831,802.688,712.473,889.984,723.061,854.578,779.329,765.78,724.994,752.309,693.469,690.216,691.428
Peru,Peru,Latin America + Caribbean,South America,653,634,615,606,623,620,644,628,630,645,627,648,662,649,658,640,640,683,660,659.228,646.454,630.262,637.729,653.762,657.498,693.018,706.574,711.75,748.452,739.467,778.694,727.699,734.419,754.978,747.221,794.111,796.285,822.331,823.022
Philippines,Philippines,Asia + Pacific,South East Asia,2058,2109,2069,2236,2198,2156,2088,2079,2077,2092,2038,2021,1957,1946,1953,1999,2005,1954,1994,2025.46,1978.46,2000.46,1967.57,1981.03,2080.38,2133.15,2278.57,2278.36,2128.32,2343.72,2376.72,2425.43,2388.96,2422.96,2482.89,2532.05,2572.07,2633.2,2684.67
Pitcairn,United Kingdom of Great Britain and Northern Ireland,Asia + Pacific,South Pacific,0,0,0,0,0,0,0,0,0,0,0,0,0,0,0,0,0,0,0,0.00104067,0.00104508,0.00104325,0.00103739,0.0010356,0.0010338,0.00103201,0.00103012,0.00103211,0.00103402,0.00103588,0.00103389,0.00103171,0.00103324,0.0010347,0.00103245,0.0010302,0.00102795,0.0010257,0.00102345
Poland,Poland,Europe,Central Europe,4627,4765,4946,5159,5370,5586,5733,5861,6032,6174,5956,5250,5792,6414,6445,6512,6410,6442,6322,5967.32,5124.33,4889.98,4752.67,4143.47,4170.5,4049.2,3762.91,3727.15,3335.68,3194.27,3466.35,3451.01,3413.76,3408.64,3330.23,3361.92,3330.2,3186.26,3114.53
Portugal,Portugal,Europe,Western Europe,321,318,323,330,322,323,317,340,360,367,382,392,395,399,395,405,420,426,435,457.457,469.847,477.794,481.831,487.972,497.797,503.374,513.669,531.601,557.66,562.159,585.221,592.834,599.671,616.661,594.238,649.824,617.08,619.562,620.462
Puerto Rico,United States of America,Latin America + Caribbean,Caribbean,61,62,63,64,64,64,66,68,69,68,66,68,71,75,77,78,80,77,81,84.1696,86.838,89.2391,81.4724,84.2812,87.196,86.7582,89.4576,92.9075,95.1136,97.0826,100.034,101.984,103.748,105.731,105.017,105.759,106.037,106.86,107.727
Qatar,Qatar,West Asia,Arabian Peninsula,227,272,321,356,305,274,274,239,269,244,201,155,155,134,201,180,190,188,195,206.853,209.502,218.759,229.888,233.346,238.568,239.716,272.416,409.678,449.842,560.67,631.344,640.904,677.307,735.339,858.517,895.231,992.869,1136.7,1355.56
Republic of Korea,Republic of Korea,Asia + Pacific,North East Asia,1236,1227,1230,1269,1330,1353,1327,1360,1373,1384,1383,1393,1396,1462,1531,1588,1618,1608,1589,1533.23,1490.53,1468.05,1431.56,1428.81,1422.33,1431.88,1470.6,1496.16,1477.97,1458.11,1472.21,1466.47,1466.55,1482.45,1504.34,1523.17,1546.81,1555.42,1479.71
Republic of Moldova,Moldova,Europe,Eastern Europe,98,103,106,110,113,116,117,118,119,119,119,119,121,124,127,130,132,134,152,173.927,194.553,198.384,215.664,202.835,193.029,183.959,175.83,167.336,166.124,159.757,154.927,150.469,163.207,169.735,168.327,168.52,165.179,163.119,160.76
Réunion,France,Africa,Western Indian Ocean,4,4,4,4,4,5,5,5,5,5,5,5,6,6,6,6,6,7,7,7.23809,7.6511,8.17524,8.52155,8.97905,9.2853,9.60435,9.87702,10.2193,10.4025,10.6598,10.8724,11.2041,11.3762,11.648,11.9672,12.0887,12.456,12.7928,13.1563
Romania,Romania,Europe,Central Europe,1544,1581,1620,1672,1700,1735,1784,1844,1864,1885,1901,1940,1941,2341,2024,2051,2009,1999,2003,1906.24,1781.23,1568.61,1407.94,1303.55,1378.57,1352.86,1394.14,1309.74,1243.62,1201.32,1197.11,1161.64,1157.37,1227.13,1244.76,1237,1262.34,1270.43,1277.73
Russian Federation,Russian Federation,Europe,Eastern Europe,16119,16381,17464,17596,18110,18815,19597,20046,20674,21274,21943,22578,23448,24039,25027,25752,26780,27519,28578,29123.7,29756.3,28641,27464,26363.9,24499.8,23125.9,23358.1,21508.5,23745.3,21684.9,22189.1,22390.2,23291.7,24268.8,23181.9,23546.8,23581.7,24000.6,24359.5
Rwanda,Rwanda,Africa,Eastern Africa,62,62,62,64,63,64,64,66,68,66,67,68,70,72,72,75,75,76,76,80.1081,70.6914,71.9428,73.5953,70.1195,68.0875,73.929,78.8435,88.0175,96.7031,102.946,95.9979,100.828,104.403,115.337,124.67,120.009,126.314,128.237,130.529
Saint Helena,United Kingdom of Great Britain and Northern Ireland,Africa,Southern Africa,0,0,0,0,0,0,0,0,0,0,0,0,0,0,0,0,0,0,0,0.114458,0.114402,0.105555,0.105454,0.105689,0.0907094,0.0905548,0.0908933,0.0902748,0.0906958,0.0911148,0.0931253,0.0918229,0.091422,0.0910446,0.0915615,0.0913768,0.0908472,0.0909523,0.0909042
Saint Kitts and Nevis,Saint Kitts and Nevis,Latin America + Caribbean,Caribbean,1,1,1,1,1,1,1,1,1,1,1,1,1,1,1,1,1,1,1,1.29444,1.22979,1.28535,1.37029,1.34585,1.34642,1.36939,1.42031,1.53589,1.51148,1.50219,1.55076,1.57579,1.59285,1.61243,1.63426,1.61567,1.63878,1.53101,1.47481
Saint Lucia,Saint Lucia,Latin America + Caribbean,Caribbean,1,1,1,1,1,1,1,1,1,1,2,2,2,2,2,2,2,2,2,1.74645,1.76056,1.77388,1.7868,1.7956,1.80909,1.82146,1.82861,1.83636,1.84906,1.86478,1.88478,1.89962,1.91494,1.92936,1.94664,1.96051,1.97781,1.99568,2.01416
Saint Pierre and Miquelon,France,North America,North America,0,0,0,0,0,0,0,0,0,0,0,0,0,0,0,0,0,0,0,0.0568415,0.057954,0.0569827,0.058132,0.0579634,0.0597661,0.0606664,0.0615228,0.0623316,0.0634729,0.0643531,0.0747614,0.0756435,0.0765372,0.0780774,0.0789412,0.0793629,0.0799432,0.0802327,0.0807002
Saint Vincent and the Grenadines,Saint Vincent and the Grenadines,Latin America + Caribbean,Caribbean,1,1,1,1,1,1,1,1,1,1,1,1,1,1,1,1,1,1,1,1.41585,1.41532,1.41493,1.44895,1.47945,1.51439,1.54018,1.56127,1.58093,1.60692,1.62929,1.6501,1.67102,1.69626,1.64498,1.66631,1.69188,1.71752,1.74862,1.78262
Samoa,Samoa,Asia + Pacific,South Pacific,3,3,3,3,3,3,3,4,4,4,4,4,4,4,4,5,5,5,6,5.48971,5.44515,5.43374,5.31368,5.40056,5.46232,5.34798,5.35484,5.36452,5.42935,5.45107,5.50547,5.91761,5.93134,5.94763,6.01686,6.03344,6.0796,6.1148,6.1587
San Marino,San Marino,Europe,Western Europe,NULL,NULL,NULL,NULL,NULL,NULL,NULL,NULL,NULL,NULL,NULL,NULL,NULL,NULL,NULL,NULL,NULL,NULL,NULL,NULL,NULL,NULL,NULL,NULL,NULL,NULL,NULL,NULL,NULL,NULL,NULL,NULL,NULL,NULL,NULL,NULL,NULL,NULL,NULL
Sao Tome and Principe,Sao Tome and Principe,Africa,Central Africa,1,1,1,1,1,1,1,1,1,1,1,1,1,1,1,1,1,1,1,1.32241,1.37001,1.41068,1.44954,1.47673,1.52857,1.56552,1.59944,1.63778,1.66784,1.70522,1.75963,1.79115,1.83516,1.88286,1.92198,1.96202,1.99643,2.03545,2.07457
Saudi Arabia,Saudi Arabia,West Asia,Arabian Peninsula,1511,1793,2331,3116,3293,2608,3254,3336,3013,3241,3623,2990,2416,1981,1308,1118,1348,1268,1483,1545.77,1464.89,1702.57,1770.94,1792.52,1877.34,1876.77,1931.72,1971.28,2007.93,1909.75,2061.62,2050.54,2139.03,2333.18,2409.88,2551.15,2606.39,2602.96,2756.46
Senegal,Senegal,Africa,Western Africa,219,220,209,206,202,209,212,220,221,221,222,216,226,214,217,223,235,247,245,255.05,267.99,261.285,274.566,278.04,285.151,294.512,301.841,309.352,316.552,340.547,337.025,343.22,340.536,332.869,352.221,364.843,367.763,403.161,434.82
Serbia,Serbia,Europe,Central Europe,460,472,474,488,517,541,540,545,560,554,553,568,572,574,584,586,576,582,571,563.967,568.542,535.542,489.812,471.069,437.245,459.769,454.465,455.421,465.42,437.824,411.938,388.416,388.774,391.193,389.737,360.14,349.659,334.08,320.3
Seychelles,Seychelles,Africa,Western Indian Ocean,0,0,0,0,1,1,1,1,1,1,1,1,1,1,1,1,1,1,1,0.804314,0.848024,0.875948,0.881075,0.892437,0.906151,0.911531,0.908891,0.923934,0.914277,0.919441,0.936662,0.953159,0.98017,0.989364,1.01726,1.02186,1.04159,1.07199,1.10248
Sierra Leone,Sierra Leone,Africa,Western Africa,122,124,123,126,119,122,127,134,129,129,139,129,135,128,121,119,120,124,124,129.426,138.539,124.518,130.184,129.053,123.939,126.849,127.597,134.438,134.132,118.809,112.224,132.867,123.717,127.513,130.807,117.738,166.924,230.4,220.727
Singapore,Singapore,Asia + Pacific,South East Asia,31,31,33,36,35,34,35,38,38,39,40,41,42,44,42,40,41,42,41,42.0133,46.7031,52.6429,58.9528,64.9469,70.678,73.8124,75.9999,76.3231,74.8855,75.542,80.2085,89.041,102.599,103.372,105.498,108.307,108.81,110.335,111.319
Slovakia,Slovakia,Europe,Central Europe,218,223,229,235,240,248,250,258,270,273,270,275,284,292,298,298,297,299,305,307.932,307.199,290.055,264.165,238.769,216.471,211.68,216.568,218.365,206.083,204.372,211.128,220.232,216.524,208.446,198.678,193.503,194.686,193.407,191.173
Slovenia,Slovenia,Europe,Central Europe,100,102,103,107,114,121,121,123,124,125,123,128,131,133,136,136,135,137,136,134.311,144.465,138.694,130.846,129.489,123.275,126.476,126.923,133.362,130.83,129.215,136.719,138.463,142.652,142.866,141.598,141.914,141.541,141.395,138.711
Solomon Islands,Solomon Islands,Asia + Pacific,South Pacific,78,76,77,79,74,81,80,85,92,90,91,96,101,96,97,101,102,103,108,106.556,97.4187,74.4608,54.0722,59.2332,64.3682,66.974,68.5609,69.6383,67.2027,64.8919,66.3821,68.4963,68.7906,69.0894,69.2052,68.7497,68.5874,68.3003,68.0809
Somalia,Somalia,Africa,Eastern Africa,454,454,463,458,460,489,490,519,555,555,553,571,586,575,584,604,610,635,663,663.412,622.021,573.298,547.64,591.739,633.904,650.355,665.352,681.122,690.813,704.969,713.301,725.663,736.96,746.112,750.418,748.93,751.181,752.257,754.828
South Africa,South Africa,Africa,Southern Africa,1537,1517,1531,1590,1637,1700,1738,1803,1844,1964,1985,2034,2124,2172,2254,2281,2293,2332,2380,2422.87,2541.42,2562.3,2551.88,2574.44,2597.49,2631.16,2671.61,2763.24,2803.98,2826.34,2831.68,2883.54,2883.2,2989.47,3047.4,3113.78,3117.65,3148.1,3201.64
South Sudan,South Sudan,Africa,Eastern Africa,NULL,NULL,NULL,NULL,NULL,NULL,NULL,NULL,NULL,NULL,NULL,NULL,NULL,NULL,NULL,NULL,NULL,NULL,NULL,NULL,NULL,NULL,NULL,NULL,NULL,NULL,NULL,NULL,NULL,NULL,NULL,NULL,NULL,NULL,NULL,NULL,NULL,NULL,NULL
Spain,Spain,Europe,Western Europe,1262,1233,1268,1238,1222,1206,1217,1252,1254,1243,1277,1318,1384,1407,1396,1416,1463,1417,1519,1555.24,1562.33,1559.64,1561.94,1542.28,1562.53,1555.7,1560.99,1622.3,1640.34,1643.8,1672.08,1696.63,1720.07,1714.12,1720.34,1729.28,1717.77,1728.68,1737.34
Sri Lanka,Sri Lanka,Asia + Pacific,South Asia,540,527,501,513,568,484,502,556,571,552,567,577,535,546,589,579,565,510,551,506.472,548.291,524.023,520.771,535.725,558.364,552.667,479.21,468.626,443.582,471.204,457.433,440.467,454.442,480.289,433.97,490.095,493.393,524.349,540.542
State of Palestine,State of Palestine,West Asia,Mashriq,NULL,NULL,NULL,NULL,NULL,NULL,NULL,NULL,NULL,NULL,NULL,NULL,NULL,NULL,NULL,NULL,NULL,NULL,NULL,NULL,NULL,NULL,NULL,NULL,NULL,NULL,NULL,NULL,NULL,NULL,NULL,NULL,NULL,NULL,NULL,NULL,NULL,NULL,NULL
Sudan,Sudan,Africa,Northern Africa,1512,1505,1509,1643,1458,1566,1609,1748,1632,1774,2046,1912,2115,2037,2053,1964,1905,1944,1878,1990.83,2244.82,2024.17,2327.53,2362.82,2483.08,2625.43,2667.02,2759.31,2794.71,3005.35,3066.97,3124.84,3228.42,3190.38,3204.23,3364.8,4083.12,5954.52,4809.13
Suriname,Suriname,Latin America + Caribbean,South America,45,36,39,39,39,43,47,41,47,51,54,54,55,56,50,51,52,56,50,49.8264,46.9806,47.885,52.6402,50.8446,39.8358,43.9581,43.5514,40.5684,36.6497,30.0574,29.4273,34.2213,38.1392,33.9168,46.3853,31.9174,28.3034,28.5171,28.3042
Svalbard and Jan Mayen Islands,Norway,Europe,Western Europe,NULL,NULL,NULL,NULL,NULL,NULL,NULL,NULL,NULL,NULL,NULL,NULL,NULL,NULL,NULL,NULL,NULL,NULL,NULL,NULL,NULL,NULL,NULL,NULL,NULL,NULL,NULL,NULL,NULL,NULL,NULL,NULL,NULL,NULL,NULL,NULL,NULL,NULL,NULL
Swaziland,Swaziland,Africa,Southern Africa,44,44,45,46,46,48,48,49,50,51,50,50,49,49,49,51,51,51,51,53.2941,54.0052,53.5667,57.6982,51.3701,53.9023,54.7486,56.4921,58.5579,54.8288,54.4996,56.8135,52.9628,53.3724,52.9925,57.2038,56.9504,58.9448,60.564,61.53
Sweden,Sweden,Europe,Western Europe,480,473,477,491,493,486,486,487,492,502,505,504,500,492,514,524,518,522,533,541.183,548.62,534.329,538.47,543.894,549.426,551.718,551.18,549.733,551.552,540.88,546.067,545.741,533.039,539.501,549.919,548.06,553.471,549.168,542.604
Switzerland,Switzerland,Europe,Western Europe,232,226,230,241,245,244,248,253,255,257,261,260,259,266,266,269,269,268,271,277.559,281.289,279.318,273.775,269.812,271.236,267.299,265.553,256.517,253.732,245.501,244.118,245.273,242.126,236.928,237.034,235.913,235.479,235.858,235.553
Syrian Arab Republic,Syrian Arab Republic,West Asia,Mashriq,115,114,115,111,120,136,153,162,175,173,184,199,204,216,212,206,201,340,341,335.57,399.191,445.653,477.103,488.664,481.175,505.383,522.679,548.95,581.982,586.083,600.259,542.949,544.512,558.244,567.062,566.478,577.462,588.378,595.137
Taiwan Province of China,China,Asia + Pacific,North East Asia,NULL,NULL,NULL,NULL,NULL,NULL,NULL,NULL,NULL,NULL,NULL,NULL,NULL,NULL,NULL,NULL,NULL,NULL,NULL,NULL,NULL,NULL,NULL,NULL,NULL,NULL,NULL,NULL,NULL,NULL,NULL,NULL,NULL,NULL,NULL,NULL,NULL,NULL,NULL
Tajikistan,Tajikistan,Europe,Central Asia,134,140,144,147,152,156,157,158,160,162,163,163,165,168,172,174,177,180,190,197.65,204.721,198.324,192.462,178.739,177.093,171.228,163.552,160.75,156.794,157.032,157.318,158.978,161.744,167.011,174.958,185,193.972,205.127,214.652
Thailand,Thailand,Asia + Pacific,South East Asia,3402,3382,3286,3603,3402,3691,3662,3867,3974,3843,3959,3963,3931,4165,4056,4119,3998,4054,4220,4217.25,4046.81,4188.86,4291.49,4057.97,4136.79,4068.56,3995.09,4117.27,4023.79,4016.59,3979.23,4032.82,4082.07,4022.87,4222.54,4264.24,4344.64,4540.69,4650.54
The former Yugoslav Republic of Macedonia,The former Yugoslav Republic of Macedonia,Europe,Central Europe,97,94,91,89,89,87,84,81,79,79,77,78,77,78,78,79,78,79,79,77.5463,79.1568,77.1013,70.067,70.0186,69.6713,69.7389,70.8886,68.1932,66.7278,65.7922,70.9357,69.085,68.0998,68.7602,70.2895,67.5069,67.0661,65.7642,65.5334
Timor-Leste,Timor-Leste,Asia + Pacific,South East Asia,20,20,22,22,22,21,19,17,16,14,13,13,14,15,16,16,16,16,15,15.2111,16.213,19.2721,18.1198,18.704,25.2816,28.6927,22.0713,21.0102,21.9704,19.1625,21.4281,28.4932,28.8982,31.3681,32.0242,32.2249,32.6541,32.8211,33.1875
Togo,Togo,Africa,Western Africa,98,95,94,99,83,90,93,106,95,101,117,103,119,111,112,106,110,116,117,123.516,147.117,125.627,135.99,134.008,138.616,146.733,154.068,159.739,146.894,151.834,163.788,158.166,172.624,147.428,148.343,177.706,161.513,257.007,279.335
Tokelau,New Zealand,Asia + Pacific,South Pacific,0,0,0,0,0,0,0,0,0,0,0,0,0,0,0,0,0,0,0,0.0118986,0.0116917,0.0117354,0.0118028,0.0118838,0.011938,0.0119623,0.011971,0.0119412,0.0118858,0.0118048,0.0117238,0.0116341,0.0115359,0.0114419,0.0113565,0.0112925,0.0112177,0.0111483,0.0110763
Tonga,Tonga,Asia + Pacific,South Pacific,2,2,2,2,2,2,2,2,3,3,3,3,3,2,2,3,3,3,3,2.89581,2.69257,2.70122,2.79954,2.78992,2.74752,2.62049,2.63568,2.63455,2.63675,2.69443,2.76357,2.77224,2.77625,2.78558,2.79628,2.80788,2.81975,2.83314,2.84456
Trinidad and Tobago,Trinidad and Tobago,Latin America + Caribbean,Caribbean,76,75,77,83,91,92,98,103,105,105,113,114,135,139,146,156,153,155,159,151.245,144.647,146.95,150.156,145.387,154.752,147.393,170.822,172.252,193.596,228.783,264.557,284.451,322.943,437.446,482.701,528.3,619.084,642.153,644.903
Tunisia,Tunisia,Africa,Northern Africa,121,128,133,137,143,149,148,153,146,137,146,147,153,161,168,177,180,188,186,189.694,193.287,203.32,215.694,226.368,232.711,242.191,270.398,289.541,307.785,318.363,327.776,335.499,337.861,334.947,339.839,345.159,352.453,323.887,330.984
Turkey,Turkey,Europe,Central Europe,1561,1554,1583,1616,1653,1676,1724,1759,1802,1842,1886,1977,2020,1985,2013,1912,1978,2042,2065,2112.55,2088.19,2055.09,2147.74,2195.89,2237.87,2314.28,2353.74,2460.34,2503.05,2582.13,2679.11,2724.33,2760.35,2838.87,2950.55,3064.52,3199.03,3362.76,3602.35
Turkmenistan,Turkmenistan,Europe,Central Asia,515,523,542,574,620,672,728,774,825,864,914,959,1017,1075,1132,1202,1253,1306,1379,1411.67,1422.12,1406.82,1042.77,1201.43,818.92,789.263,760.452,505.548,505.731,680.147,1011.48,1113.78,1216.33,1351.93,1367.82,1406.84,1431.14,1516.53,1565.52
Turks and Caicos Islands,United Kingdom of Great Britain and Northern Ireland,Latin America + Caribbean,Caribbean,0,0,0,0,0,0,0,0,0,0,0,0,0,0,0,0,0,0,0,0.106413,0.109747,0.114061,0.20325,0.125245,0.131278,0.137051,0.143169,0.14926,0.15648,0.16405,0.172785,0.182739,0.19329,0.204633,0.216249,0.227244,0.239081,0.251192,0.262769
Tuvalu,Tuvalu,Asia + Pacific,South Pacific,0,0,0,0,0,0,0,0,0,0,0,0,0,0,0,0,0,0,0,0.126595,0.12759,0.136661,0.139804,0.140535,0.144116,0.146774,0.148243,0.149971,0.15083,0.152709,0.153181,0.153643,0.155519,0.155601,0.15565,0.155697,0.155746,0.156033,0.156411
Uganda,Uganda,Africa,Eastern Africa,408,409,416,438,410,431,448,474,469,488,514,483,514,505,513,505,520,479,484,513.949,583.152,551.728,591.637,589.801,586.836,617.168,621.282,636.932,616.842,651.783,647.922,653.729,655.835,709.976,687.148,801.913,773.507,1285.21,998.266
Ukraine,Ukraine,Europe,Eastern Europe,3541,3646,3764,3885,4006,4122,4185,4235,4374,4470,4536,4572,4675,4747,4824,4928,4977,5054,5125,5276.87,5824.81,5532.12,5503.27,5359.19,5107.94,4939.85,4691.84,4487.3,4273.79,4202.09,4061.44,3899.48,3854.65,3810.78,3534.84,3378.06,3345.3,3275.32,3253.55
United Arab Emirates,United Arab Emirates,West Asia,Arabian Peninsula,613,762,830,1054,1069,1054,1269,1202,1336,921,892,706,638,611,751,725,641,613,576,630.595,647.903,697.825,718.921,706.702,749.835,809.957,886.962,891.306,899.816,891.252,968.226,951.752,987.55,1045.74,1073.9,1084.26,1139.45,1168.43,1164.64
United Kingdom of Great Britain and Northern Ireland,United Kingdom of Great Britain and Northern Ireland,Europe,Western Europe,5717,5753,5522,5788,5648,5804,5774,5725,5774,5952,5914,5905,5899,5899,5112,5579,5827,5749,5728,5642.09,5595.07,5582.27,5393.07,5193.36,4957.11,4954.39,4931.97,4753.49,4533.84,4326.67,4112.16,3783.68,3580.38,3380.62,3220.28,3085.96,3000.64,2941.48,2913.13
United Republic of Tanzania,United Republic of Tanzania,Africa,Southern Africa,1201,799,843,882,818,932,895,982,1028,1247,1100,1026,1122,1115,931,952,947,1173,956,1039.97,1280.52,1144.76,1546.75,1082.18,1205.23,1312.87,1165.73,1136.49,1459.7,1251.89,1386.84,1481.21,1419.63,1552.23,1464.48,1600.47,1202.15,1191.05,1207.6
United States of America,United States of America,North America,North America,28298,27595,27916,28063,28009,28089,28074,27811,27690,28577,28931,28968,28855,28163,28935,28660,28516,28805,29428,29601.4,30363.6,29872.5,29675.9,29384.7,29297.9,28785.9,28509.1,28079.6,27513.3,27060,26505.2,26257.6,26237,26250.1,25910.1,25637.9,25750.9,25856.9,26085.6
United States Virgin Islands,United States of America,Latin America + Caribbean,Caribbean,1,1,1,1,1,1,1,1,1,1,1,1,1,1,1,1,1,2,2,1.58198,1.60967,1.63373,1.65668,1.6768,1.69665,1.71263,1.73299,1.75626,1.7827,1.81069,1.84003,1.86864,1.89842,1.92626,1.95377,1.98221,2.01252,2.05417,2.10182
Uruguay,Uruguay,Latin America + Caribbean,South America,692,682,697,730,770,817,769,766,771,806,889,903,891,794,757,780,784,826,853,802.756,750.099,789.13,837.119,869.347,881.218,880.611,895.349,886.212,869.514,879.25,865.858,865.165,897.654,918.494,941.554,940.536,958,967.963,979.576
Uzbekistan,Uzbekistan,Europe,Central Asia,801,830,860,898,945,991,1034,1068,1112,1117,1153,1176,1216,1258,1316,1370,1405,1452,1526,1559.3,1568.84,1570.64,1558.6,1588.41,1634.76,1656.37,1658.78,1675.23,1730.8,1740.64,1773.02,1805.07,1880.73,1916.25,1948.69,2022.27,2092.65,2119.23,2209.34
Vanuatu,Vanuatu,Asia + Pacific,South Pacific,6,7,7,7,8,8,9,8,8,8,8,8,8,8,8,8,9,9,9,9.44656,10.19,10.5448,11.1831,11.8893,12.0253,12.0666,12.2042,12.3309,12.4682,12.6052,12.727,12.6137,12.5104,12.4835,12.2586,12.2821,12.3254,12.4374,12.5205
Venezuela (Bolivarian Republic of),Venezuela Bolivarian Republic of,Latin America + Caribbean,South America,1674,1593,1578,1629,1565,1459,1517,1510,1561,1657,1681,1680,1702,1705,1713,1736,1814,1897,1907,1948.81,2101.05,2146.96,2170.84,2238.8,2226.01,2347.94,2459.22,2580.86,2853.9,2564.2,2758.73,2845.27,2671.6,2729,2707.01,2757.43,2755.83,2915.29,2887.09
Viet Nam,Viet Nam,Asia + Pacific,South East Asia,2578,2539,2591,2669,2682,2559,2701,2787,2767,2753,2765,2784,2811,2814,2786,2793,2797,2780,2803,2846.93,2879.71,2940.94,3019.21,3042.43,3045.93,3146.47,3216.37,3259.82,3467.02,3460.3,3591.89,3615.54,3839.2,3846.45,4210.39,4492.61,4730.39,4947.58,5069.04
Wake Island,United States of America,Asia + Pacific,South Pacific,NULL,NULL,NULL,NULL,NULL,NULL,NULL,NULL,NULL,NULL,NULL,NULL,NULL,NULL,NULL,NULL,NULL,NULL,NULL,NULL,NULL,NULL,NULL,NULL,NULL,NULL,NULL,NULL,NULL,NULL,NULL,NULL,NULL,NULL,NULL,NULL,NULL,NULL,NULL
Wallis and Futuna,France,Asia + Pacific,South Pacific,0,0,0,0,0,0,0,0,0,0,0,0,0,0,0,0,0,0,0,0.20547,0.208327,0.21354,0.218126,0.222127,0.224544,0.22621,0.227126,0.227281,0.226944,0.226542,0.226394,0.226583,0.227039,0.227695,0.228453,0.229205,0.229963,0.230751,0.231505
Western Sahara,Western Sahara,Africa,Northern Africa,6,6,7,7,7,8,8,8,9,9,9,10,10,10,10,10,10,10,11,10.7243,10.829,10.9123,11.0406,11.1372,11.2111,11.2821,11.4296,11.7302,11.8066,12.0211,12.1626,12.276,12.4119,12.6043,12.7719,12.9262,13.0668,13.2152,13.3633
Yemen,Yemen,West Asia,Arabian Peninsula,105,112,111,108,114,117,112,113,115,116,118,120,122,124,127,129,132,137,156,163.24,186.294,185.091,187.387,195.906,235.15,234.943,243.204,254.861,261.827,274.165,292.281,296.827,300.733,325.395,327.336,370.846,397.065,403.626,396.172
Zambia,Zambia,Africa,Southern Africa,1613,702,792,883,711,933,792,971,1040,1501,1155,945,1128,1105,734,769,730,1192,697,854.87,1386.63,1067.79,1962.61,870.903,1109.08,1147.17,903.559,861.915,1027.13,944.482,861.893,852.39,862.054,881.779,931.019,1009.12,961.699,975.955,291.485
Zimbabwe,Zimbabwe,Africa,Southern Africa,405,357,356,368,361,390,388,408,387,397,359,348,380,379,358,371,388,438,403,418.527,488.385,421.551,513.59,353.094,378.849,391.417,422.026,419.825,440.086,488.107,460.553,482.742,457.33,438.519,453.448,459.903,403.078,403.238,402.619
