Country Name,Sovereign,GEO Region,GEO Subregion,GEO ID,ISO 2 Code,ISO 3 Code,1961,1962,1963,1964,1965,1966,1967,1968,1969,1970,1971,1972,1973,1974,1975,1976,1977,1978,1979,1980,1981,1982,1983,1984,1985,1986,1987,1988,1989,1990,1991,1992,1993,1994,1995,1996,1997,1998,1999,2000,2001,2002,2003,2004,2005,2006,2007,2008,2009,2010,2011,2012,Variable
Afghanistan,Afghanistan,Asia + Pacific,South Asia,4,AF,AFG,7650,7700,7750,7800,7800,7835,7844,7844,7860,7870,7900,7910,7910,7910,7910,7910,7910,7910,7910,7910,7910,7910,7910,7910,7910,7910,7910,7910,7910,7910,7910,7910,7824,7703,7653,7647,7685,7757,7653,7683,7683,7678,7772,7816,7805,7794,7794,7794,7793,7792,7791,7790,Arable Land
Albania,Albania,Europe,Central Europe,8,AL,ALB,432,436,440,443,460,475,488,500,510,521,530,540,548,557,563,575,580,583,583,585,588,589,589,589,589,589,590,590,582,579,578,578,577,577,577,577,578,577,577,578,578,578,578,578,538,584,578,610,609,626,622,619.1,
Algeria,Algeria,Africa,Northern Africa,12,DZ,DZA,6472,6300,6200,6132,6203,6221,6301,6243,6233,6248,6380,6510,6512,6544,6845,7092,6904,6892,6846,6875,6885,6881,6592,6915,6910,6967,7069,7101,7129,7081,7260,7562,7533,7477,7519,7521,7650,7661,7673,7662,7583,7547,7503.7,7493,7511,7470,7469,7489,7493,7502,7502,7545,
American Samoa,United States of America,Asia + Pacific,South Pacific,16,AS,ASM,1,1,1,1,1,1,1,1,1,1,1,1,1,1,1,1,1,1,1,1,1,1,1,1,1,1,1,1,1,1,1,1.2,1.2,1.2,1.5,2,2,2.4,2.5,2.5,2.5,2.5,3.34,3.3,3.3,3.3,3,2.96,3,3,3,3,
Andorra,Andorra,Europe,Western Europe,20,AD,AND,1,1,1,1,1,1,1,1,1,1,1,1,1,1,1,1,1,1,1,1,1,1,1,1,1,1,1,1,1,2,2,2,2,2,2,2,2,2.2,2.3,2.3,2.4,2.5,2.5,2.5,2.5,2.4,2.3,2.2,2.3,2.5,2.6,2.4,
Angola,Angola,Africa,Southern Africa,24,AO,AGO,2670,2700,2720,2750,2770,2800,2830,2860,2900,2900,2900,2900,2900,2900,2900,2900,2900,2900,2900,2900,2900,2900,2900,2900,2900,2900,2900,2900,2900,2900,2950,3000,3000,3000,3000,3000,3000,3000,3000,3000,3000,3100,3300,3300,3300,3300,3400,3400,4000,4100,4700,4900,
Anguilla,United Kingdom of Great Britain and Northern Ireland,Latin America + Caribbean,Caribbean,28,AI,AIA,NULL,NULL,NULL,NULL,NULL,NULL,NULL,NULL,NULL,NULL,NULL,NULL,NULL,NULL,NULL,NULL,NULL,NULL,NULL,NULL,NULL,NULL,NULL,NULL,NULL,NULL,NULL,NULL,NULL,NULL,NULL,NULL,NULL,NULL,NULL,NULL,NULL,NULL,NULL,NULL,NULL,NULL,NULL,NULL,NULL,NULL,NULL,NULL,NULL,NULL,NULL,NULL,
Antarctica,Antarctic,Polar,Antarctic,32,AQ,ATA,NULL,NULL,NULL,NULL,NULL,NULL,NULL,NULL,NULL,NULL,NULL,NULL,NULL,NULL,NULL,NULL,NULL,NULL,NULL,NULL,NULL,NULL,NULL,NULL,NULL,NULL,NULL,NULL,NULL,NULL,NULL,NULL,NULL,NULL,NULL,NULL,NULL,NULL,NULL,NULL,NULL,NULL,NULL,NULL,NULL,NULL,NULL,NULL,NULL,NULL,NULL,NULL,
Antigua and Barbuda,Antigua and Barbuda,Latin America + Caribbean,Caribbean,36,AG,ATG,8,7,8,7,8,8,7,7,8,8,7,3,3,3,3,3,3,3,3,3,3,3,3,3,4,4,4,4,4,4,4,4,4,4,4,4,4,4,4,4,4,4,4,4,4,4,4,4,4,4,4,4,
Argentina,Argentina,Latin America + Caribbean,South America,40,AR,ARG,18597,19180,19600,20000,20461,21608,22341,23851,25897,26000,26000,26000,26000,26000,26000,26000,26000,26000,26000,26000,26000,27000,27000,27000,27000,27000,26800,26367,26470,26575,26680,26785,26890,26998,27105,27212,27320,27425,27532,27640,27746,27862,28683.5,30775,32897.5,34854,36433,35058,33797,37217,38048,39291,
Armenia,Armenia,Europe,Eastern Europe,44,AM,ARM,NULL,NULL,NULL,NULL,NULL,NULL,NULL,NULL,NULL,NULL,NULL,NULL,NULL,NULL,NULL,NULL,NULL,NULL,NULL,NULL,NULL,NULL,NULL,NULL,NULL,NULL,NULL,NULL,NULL,NULL,NULL,423,433,435,435,450,455,455,450,450,455,455,455,455,455,452.9,452.1,450.4,449.4,448.5,449.2,448.4,
Aruba,Netherlands,Latin America + Caribbean,Caribbean,48,AW,ABW,2,2,2,2,2,2,2,2,2,2,2,2,2,2,2,2,2,2,2,2,2,2,2,2,2,2,2,2,2,2,2,2,2,2,2,2,2,2,2,2,2,2,2,2,2,2,2,2,2,2,2,2,
Australia,Australia,Asia + Pacific,Australia + New Zealand,52,AU,AUS,30185,32103,33034,35380,36966,39614,41278,41390,41500,41614,41110,40616,40216,42121,42226,42076,41087,42518,43932,44031,43014,46374,44817,47080,47150,46813,46941,47000,47700,47900,45700,47200,46300,47300,40097,36284,39871,44055,45530,47304,49807,47799,47040,47743,49402,47715,44140,43979,45616,42568,47678,47113,
Austria,Austria,Europe,Western Europe,56,AT,AUT,1689,1681,1656,1657,1660,1616,1600,1601,1585,1586,1587,1588,1514,1514,1511,1520,1529,1547,1523,1536,1549,1535,1439,1445,1448,1439,1439,1458,1459,1426,1445,1436,1419,1423,1414,1410,1406,1404,1402,1399,1387,1385,1387,1386,1387,1383,1382,1374,1371,1368,1363,1355,
Azerbaijan,Azerbaijan,Europe,Eastern Europe,60,AZ,AZE,NULL,NULL,NULL,NULL,NULL,NULL,NULL,NULL,NULL,NULL,NULL,NULL,NULL,NULL,NULL,NULL,NULL,NULL,NULL,NULL,NULL,NULL,NULL,NULL,NULL,NULL,NULL,NULL,NULL,NULL,NULL,1704.5,1715.8,1723.6,1726.3,1784.8,1801.2,1809.7,1824.9,1825.6,1835.7,1837.3,1838.5,1840.7,1843.2,1841.3,1854,1860.2,1874,1884.1,1885.7,1896.8,
Bahamas,Bahamas,Latin America + Caribbean,Caribbean,64,BS,BHS,7,7,7,7,7,7,7,7,7,7,7,7,7,7,7,7,7,7,7,7,7,7,7,7,8,8,8,8,8,8,8,8,8,6,6,6,6,6,6,7,7,7,7,7,7,7,7,7,9,9,8,8,
Bahrain,Bahrain,West Asia,Arabian Peninsula,68,BH,BHR,1,1,1,1,1,1,1,1,1,1,1,1,1,1,1,2,2,2,2,2,2,2,2,2,2,2,2,2,2,2,2,2,2,2,2,2,2,2,2,2,2,2,1.7,1.5,1.5,1.45,1.4,1.2,1.36,1.6,1.6,1.6,
Bangladesh,Bangladesh,Asia + Pacific,South Asia,76,BD,BGD,8605,8597,8605,8640,8777,8798,8843,8829,8810,8837,8837,9133,9131,9131,9144,9138,9131,9125,9118,9121,9109,9104,9089,9185,9152,9161,9235,9537,9553,9456,9385,8609,8506,8408,8404,8357,8390,8454,8436,8350,8303,8253,8228,8143,7911,7880,7816,7803,7796,7791,7678,7675,
Barbados,Barbados,Latin America + Caribbean,Caribbean,80,BB,BRB,16,16,16,16,16,16,16,16,16,16,16,16,16,16,16,16,16,16,16,16,16,16,16,16,16,16,16,16,16,16,16,16,16,16,16,16,16,16,15,15,15,14,14,13,13,13,13,13,13,12,11,11,
Belarus,Belarus,Europe,Eastern Europe,84,BY,BLR,NULL,NULL,NULL,NULL,NULL,NULL,NULL,NULL,NULL,NULL,NULL,NULL,NULL,NULL,NULL,NULL,NULL,NULL,NULL,NULL,NULL,NULL,NULL,NULL,NULL,NULL,NULL,NULL,NULL,NULL,NULL,6084,6104,6225,6232,6230,6175,6187,6182,6133,5761,5616,5569,5548,5542,5540,5519,5516,5544,5535,5529,5522,
Belgium,Belgium,Europe,Western Europe,88,BE,BEL,NULL,NULL,NULL,NULL,NULL,NULL,NULL,NULL,NULL,NULL,NULL,NULL,NULL,NULL,NULL,NULL,NULL,NULL,NULL,NULL,NULL,NULL,NULL,NULL,NULL,NULL,NULL,NULL,NULL,NULL,NULL,NULL,NULL,NULL,NULL,NULL,NULL,NULL,NULL,862,845,832,835,840,843,842,839,844,839,834,824,802,
Belize,Belize,Latin America + Caribbean,Meso America,92,BZ,BLZ,36,36,37,37,37,38,38,38,39,39,40,40,41,41,42,42,43,43,43,45,46,46,46,46,43,44,49,50,52,52,54,56,60,60,62,63,64,64,64,64,65,70,70,70,70,70,70,70,73,75,75,78,
Benin,Benin,Africa,Western Africa,96,BJ,BEN,920,940,960,980,1000,1030,1070,1100,1180,1200,1250,1280,1300,1330,1370,1400,1430,1450,1470,1500,1530,1550,1560,1570,1580,1590,1600,1610,1620,1615,1620,1630,1650,1700,1790,1950,2100,2250,2300,2380,2450,2550,2650,2750,2700,2500,2500,2600,2450,2540,2580,2700,
Bermuda,United Kingdom of Great Britain and Northern Ireland,Latin America + Caribbean,Caribbean,100,BM,BMU,1,1,1,1,1,1,1,1,1,1,1,1,1,1,1,1,1,1,1,1,1,1,1,1,1,1,1,1,1,1,1,1,1,1,1,1,1,1,1,1,1,1,1,1,1,1,1,0.74,0.74,0.74,0.74,0.74,
Bhutan,Bhutan,Asia + Pacific,South Asia,104,BT,BTN,100,100,100,100,100,100,100,100,100,110,110,110,110,115,115,120,120,120,125,130,130,135,145,145,145,145,146,141,133,135,135,135,136,140,146,151,153,153,153,106,111,111,111,158,167,151.3,136.3,96,96,100,100,100,
Bolivia (Plurinational State of),Bolivia,Latin America + Caribbean,South America,108,BO,BOL,1294,1296,1304,1341,1375,1414,1448,1488,1527,1564,1591,1634,1678,1711,1752,1807,1845,1877,1910,1943,1980,2018,2051,2093,2050,2060,2070,2080,2090,2100,2110,2150,2200,2350,2600,2690,2872,2974,3070,3144,3150,3300,3514,3579,3806,3661,3831,3864,4055,3903,3941,4296,
Bosnia and Herzegovina,Bosnia and Herzegovina,Europe,Central Europe,112,BA,BIH,NULL,NULL,NULL,NULL,NULL,NULL,NULL,NULL,NULL,NULL,NULL,NULL,NULL,NULL,NULL,NULL,NULL,NULL,NULL,NULL,NULL,NULL,NULL,NULL,NULL,NULL,NULL,NULL,NULL,NULL,NULL,850,850,850,850,900,900,950,950,1000,1010,997,1017,1028,1025,1027,1022,1008,997,1004,1005,1006,
Botswana,Botswana,Africa,Southern Africa,116,BW,BWA,399,399,399,399,400,400,400,400,400,400,400,401,401,401,401,401,401,401,403,403,403,405,405,405,407,407,409,409,414,420,300,250,350,395,345,345,300,230,240,350,200,245,195,226,240,201,182,279,316,259,324,285,
Brazil,Brazil,Latin America + Caribbean,South America,124,BR,BRA,22118,24000,26000,27000,28000,29000,30000,32000,33000,35000,37000,38000,39000,41000,42000,43000,44000,44000,44900,45000,45600,47000,47000,47100,47300,49000,49500,49800,49900,50681,51998,51803,52264,52745,58059,57858,57788,57717.2,57746.8,57776.4,59071,61504,64634,68327,69157,69538,68388,70250,70440,70363,72273,72605,
British Virgin Islands,United Kingdom of Great Britain and Northern Ireland,Latin America + Caribbean,Caribbean,132,VG,VGB,1,1,1,1,1,2,2,2,2,2,2,2,2,2,2,2,2,2,2,2,2,3,3,3,3,3,3,3,3,2,2,2,2,2,2,2,2,2,1,1,1,1,1,1,1,1,1,1,1,1,1,1,
Brunei Darussalam,Brunei Darussalam,Asia + Pacific,South East Asia,136,BN,BRN,4,4,4,4,4,6,6,6,6,6,4,4,4,4,4,4,4,4,4,3,3,3,3,3,3,3,3,3,3,2,2,2,2,2,2,2,2,2,2,2,2,2,2,2,2,2,3,3,4,4,4,4,
Bulgaria,Bulgaria,Europe,Central Europe,140,BG,BGR,4252,4154,4138,4180,4167,4166,4146,4154,4158,4142,4132,4128,4120,4098,3957,3940,3937,3926,3897,3827,3824,3818,3812,3807,3810,3819,3825,3840,3848,3856,3864,4047,4063,4001,3998,4203,4298,3536,3578,3526,3467,3355,3323,3313,3173,3132,3085,3088,3146,3186,3250,3317,
Burkina Faso,Burkina Faso,Africa,Western Africa,144,BF,BFA,2124,2134,2144,2149,2159,2170,2180,2190,2202,2216,2200,2282,2353,2433,2506,2550,2600,2650,2700,2745,2790,2840,2885,2930,2980,3025,3075,3494,3530,3505,3480,3455,3430,3361,3380,3480,3780,3900,3900,3700,4500,4700,5100,4600,4900,4700,4900,6000,5700,6000,5700,6000,
Burundi,Burundi,Africa,Eastern Africa,148,BI,BDI,675,700,724,744,756,753,788,800,992,940,929,896,930,930,930,935,942,935,930,930,930,930,930,930,930,930,930,930,930,930,930,930,930,930,940,940,950,950,960,960,975,986,990,985,956,900,850,900,950,950,1000,1100,
Cabo Verde,Cabo Verde,Africa,Western Africa,164,CV,CPV,38,38,38,38,38,38,38,38,38,38,38,38,38,38,38,38,38,38,38,38,38,38,38,38,38,38,38,40,40,41,41,41,41,41,42,42,44,44,44,44,46,47,47,47,47,47,47,47,47,47,47,47,
Cambodia,Cambodia,Asia + Pacific,South East Asia,152,KH,KHM,2838,2850,2850,2900,2900,2900,2902,2850,2750,2693,1800,1800,1800,1850,1850,1900,1900,1950,1950,2000,2000,2030,2040,2040,2300,2600,3000,3450,3685,3695,3700,3700,3716,3700,3700,3700,3700,3700,3700,3700,3700,3700,3700,3700,3700,3800,3800,3900,3900,4000,4000,4100,
Cameroon,Cameroon,Africa,Central Africa,156,CM,CMR,5000,5050,5100,5150,5200,5250,5300,5350,5400,5400,5450,5450,5450,5500,5550,5600,5666,5639,5898,5910,5910,5910,5910,5910,5910,5930,5930,5940,5940,5940,5950,5960,5960,5960,5960,5960,5960,5960,5960,5960,5960,5960,5960,5960,5963,5963,5963,5963,5963,6200,6200,6200,
Canada,Canada,North America,North America,160,CA,CAN,40843,41224,41604,41984,42365,42745,42754,42762,42771,42779,42788,42895,43003,43111,43219,43327,43676,44025,44374,44723,45072,45106,45139,45173,45206,45239,45306,45372,45438,45504,45570,45562,45553,45545,45537,45529,45599,45669,45739,45810,45880,45726,45573,45419,45266,45112,44683,44254,43826,43397,42968,45915,
Cayman Islands,United Kingdom of Great Britain and Northern Ireland,Latin America + Caribbean,Caribbean,168,KY,CYM,0.2,0.2,0.2,0.2,0.2,0.2,0.2,0.2,0.2,0.2,0.2,0.2,0.2,0.2,0.2,0.2,0.2,0.2,0.2,0.2,0.2,0.2,0.2,0.2,0.2,0.2,0.2,0.2,0.2,0.2,0.2,0.2,0.2,0.2,0.2,0.2,0.2,0.2,0.2,0.2,0.2,0.2,0.2,0.2,0.2,0.2,0.2,0.2,0.2,0.2,0.2,0.2,
Central African Republic,Central African Republic,Africa,Central Africa,172,CF,CAF,1680,1690,1700,1710,1720,1730,1740,1750,1760,1770,1780,1790,1800,1810,1820,1830,1840,1850,1860,1870,1870,1880,1890,1900,1900,1920,1920,1920,1920,1920,1920,1930,1930,1930,1930,1930,1930,1930,1930,1930,1930,1930,1910,1930,1930,1930,1930,1930,1950,1800,1800,1800,
Chad,Chad,Africa,Central Africa,176,TD,TCD,2897,2897,2897,2897,2897,2897,2897,2897,2897,2897,2897,2897,2907,2917,2997,3095,3095,3143,3140,3137,3135,3132,3130,3127,3130,3180,3180,3203,3223,3273,3322,3342,3370,3390,3420,3400,3600,3600,3600,3600,3900,3700,3800,3800,4500,4450,4300,4300,4300,4500,4900,4900,
Chile,Chile,Latin America + Caribbean,South America,180,CL,CHL,3640,3660,3680,3700,3720,3740,3760,3780,3800,3902,3952,4002,4102,4152,4152,4198,4095,3992,3889,3836,3733,3580,3528,3475,3444,3354,3076,3059,3070,2802,2685,2440,2304,2276,2120,1985,1982,1979,1800,1750,1750,1650,1500,1500,1450,1350,1266,1304,1314,1271,1287.4,1336.98,
China,China,Asia + Pacific,North East Asia,184,CN,CHN,103397,103100,102903,102705,102458,102001,101514,101027,100562,100067,99634,99170,98697,99258,97786,97659,97521,97221,97235,96949,97549,102450,108051,114744,120835,121220,120913,121592,122886,124481,125545,123562,121956,121353,120234,119992,120145,120484,119930,118796,116706,115122,112314,112206,112858,109304,109085,108717,108319,107822,107122,106521,
China Hong Kong Special Administrative Region,China,Asia + Pacific,North East Asia,187,HK,HKG,NULL,NULL,NULL,NULL,NULL,NULL,NULL,NULL,NULL,NULL,NULL,NULL,NULL,NULL,NULL,NULL,NULL,NULL,NULL,NULL,NULL,NULL,NULL,NULL,NULL,NULL,NULL,NULL,NULL,NULL,NULL,NULL,NULL,NULL,NULL,NULL,NULL,NULL,NULL,NULL,NULL,NULL,NULL,NULL,NULL,NULL,NULL,NULL,NULL,NULL,NULL,NULL,
China Macao Special Administrative Region,China,Asia + Pacific,North East Asia,186,MO,MAC,NULL,NULL,NULL,NULL,NULL,NULL,NULL,NULL,NULL,NULL,NULL,NULL,NULL,NULL,NULL,NULL,NULL,NULL,NULL,NULL,NULL,NULL,NULL,NULL,NULL,NULL,NULL,NULL,NULL,NULL,NULL,NULL,NULL,NULL,NULL,NULL,NULL,NULL,NULL,NULL,NULL,NULL,NULL,NULL,NULL,NULL,NULL,NULL,NULL,NULL,NULL,NULL,
Christmas Island,Australia,Asia + Pacific,South East Asia,188,CX,CXR,NULL,NULL,NULL,NULL,NULL,NULL,NULL,NULL,NULL,NULL,NULL,NULL,NULL,NULL,NULL,NULL,NULL,NULL,NULL,NULL,NULL,NULL,NULL,NULL,NULL,NULL,NULL,NULL,NULL,NULL,NULL,NULL,NULL,NULL,NULL,NULL,NULL,NULL,NULL,NULL,NULL,NULL,NULL,NULL,NULL,NULL,NULL,NULL,NULL,NULL,NULL,NULL,
Cocos (Keeling) Islands,Australia,Asia + Pacific,South Pacific,192,CC,CCK,NULL,NULL,NULL,NULL,NULL,NULL,NULL,NULL,NULL,NULL,NULL,NULL,NULL,NULL,NULL,NULL,NULL,NULL,NULL,NULL,NULL,NULL,NULL,NULL,NULL,NULL,NULL,NULL,NULL,NULL,NULL,NULL,NULL,NULL,NULL,NULL,NULL,NULL,NULL,NULL,NULL,NULL,NULL,NULL,NULL,NULL,NULL,NULL,NULL,NULL,NULL,NULL,
Colombia,Colombia,Latin America + Caribbean,South America,196,CO,COL,3532,3532,3550,3550,3560,3570,3570,3570,3572,3572,3573,3588,3604,3619,3635,3650,3666,3681,3697,3712,3728,3743,3759,3774,3790,3805,3824,3639,3472,3305,3038,3070,2923,2832,2399,2433,2539,2551,2536,2818,2434,2211,2264,2238,2026,1904.6,1998,1830,1775,1764,1586,1584,
Comoros,Comoros,Africa,Western Indian Ocean,200,KM,COM,65,65,70,70,75,75,75,75,75,75,75,75,75,75,75,75,75,75,75,75,75,75,75,75,76,77,77,77,78,78,78,78,78,78,78,78,78,78,78,80,80,80,80,80,80,80,80,80,80,84,87,88,
Congo,Congo,Africa,Central Africa,204,CG,COG,520,520,520,518,518,518,518,518,519,520,520,520,524,526,527,531,528,483,485,488,491,516,520,522,528,525,498,500,502,479,481,480,485,473,475,477,490,491,495,490,490,490,490,490,490,490,490,490,500,510,530,530,
Cook Islands,New Zealand,Asia + Pacific,South Pacific,208,CK,COK,1,1,1,1,1,1,1,1,1,1,1,1,1,1,1,1,1,1,1,1,1,1,1,2,2,2,2,2,2,2,2,2,2,2,2,2,2,2,2,2,1.8,1.8,1.5,1.5,1.5,1.5,1.5,1.5,1.3,1.3,1,1,
Costa Rica,Costa Rica,Latin America + Caribbean,Meso America,212,CR,CRI,285,285,285,285,285,285,285,285,285,285,285,285,283,283,283,283,283,283,283,283,283,283,283,283,285,285,285,280,260,260,260,250,230,230,220,210,210,210,220,210,210,200,210,210,200,200,200,200,230,235,250,245,
Côte d'Ivoire,Côte d'Ivoire,Africa,Western Africa,216,CI,CIV,1680,1680,1680,1680,1680,1680,1700,1700,1700,1700,1700,1710,1740,1775,1815,1840,1880,1910,1925,1955,1970,1990,2034,2301,2380,2380,2400,2420,2420,2430,2450,2600,2902,3000,3000,3000,2900,2900,2800,2800,2800,2800,2800,2800,2800,2800,2900,2900,2900,2900,2900,2900,
Croatia,Croatia,Europe,Central Europe,220,HR,HRV,NULL,NULL,NULL,NULL,NULL,NULL,NULL,NULL,NULL,NULL,NULL,NULL,NULL,NULL,NULL,NULL,NULL,NULL,NULL,NULL,NULL,NULL,NULL,NULL,NULL,NULL,NULL,NULL,NULL,NULL,NULL,1212,1062,1104,1117,986,983,1089,1068,842,853,858,864,847,873,881,852,860.7,868.3,904.4,896.7,903.23,
Cuba,Cuba,Latin America + Caribbean,Caribbean,224,CU,CUB,1450,1505,1592,1762,1620,1551,1693,1947,1943,2310,2277,2610,2784,2636,2870,3027,3031,3036,2979,2980,3000,3050,3100,3107,3168,3250,3330,3380,3401,3391,3435,3575,3630,3686,3684,3485,3628,3574,3610,3504,3739,3798,3752,3706,3672,3634,3573,3585,3590,3585,3594,3202,
Cyprus,Cyprus,Europe,Central Europe,228,CY,CYP,329,327,325,323,322,320,318,316,314,313,311,309,307,212,116.4,114,112,110,108,107.2,110.4,115,116,115,102.8,103.2,103.4,103.4,104.4,105.6,106.2,107.6,108.7,99.4,99.1,99,98.1,100.1,101.1,98.4,98,100,112,113,123,115,109.8,82.4,86.9,82.1,90.5,91.5,
Czech Republic,Czech Republic,Europe,Central Europe,232,CZ,CZE,NULL,NULL,NULL,NULL,NULL,NULL,NULL,NULL,NULL,NULL,NULL,NULL,NULL,NULL,NULL,NULL,NULL,NULL,NULL,NULL,NULL,NULL,NULL,NULL,NULL,NULL,NULL,NULL,NULL,NULL,NULL,NULL,3332,3317,3301,3257,3250,3261,3256,3243,3236,3229,3223,3216,3209,3202,3195,3188,3180,3171,3164,3157,
Democratic People's Republic of Korea,Democratic People's Republic of Korea,Asia + Pacific,North East Asia,236,KP,PRK,2150,2150,2150,2150,2150,2150,2150,2150,2150,2150,2150,2150,2200,2200,2200,2200,2200,2200,2200,2285,2285,2285,2285,2285,2285,2285,2285,2285,2285,2288,2300,2300,2300,2400,2400,2300,2300,2300,2300,2300,2300,2300,2300,2300,2350,2350,2350,2400,2400,2400,2350,2350,
Democratic Republic of the Congo,Democratic Republic of the Congo,Africa,Central Africa,240,CD,COD,6400,6400,6400,6380,6360,6360,6370,6400,6420,6440,6470,6500,6520,6550,6545,6590,6610,6620,6600,6620,6650,6640,6650,6670,6700,6720,6700,6700,6700,6670,6680,6700,6700,6700,6700,6700,6700,6700,6700,6700,6700,6700,6700,6700,6700,6700,6700,6750,6790,6800,7000,7000,
Denmark,Denmark,Europe,Western Europe,244,DK,DNK,2807,2773,2744,2726,2693,2686,2685,2694,2678,2661,2647,2651,2653,2641,2650,2657,2637,2643,2642,2639,2637,2630,2593,2612,2601,2594,2578,2560,2545,2561,2548,2539,2533,2365,2319,2322,2365,2366,2294,2281,2292,2276,2266,2269,2332,2347,2306,2402,2431,2421,2499,2418,
Djibouti,Djibouti,Africa,Eastern Africa,248,DJ,DJI,1,1,1,1,1,1,1,1,1,1,1,1,1,1,1,1,1,1,1,1,1,1,1,1,1,1,1,1,1,1,1,1,1,1,1,1,1,1,1,1,1,1,1,1,1,1.3,1.5,1.2,1.3,1.6,2,2,
Dominica,Dominica,Latin America + Caribbean,Caribbean,252,DM,DMA,7,8,8,8,8,7,7,7,7,7,7,7,7,7,7,7,7,7,7,7,7,6,6,6,6,6,6,5,5,5,4,4,4,4,3,3,3,3,4,5,5,5,5,5,5,5,5,5,6,6,6,6,
Dominican Republic,Dominican Republic,Latin America + Caribbean,Caribbean,256,DO,DOM,720,730,740,750,760,770,780,780,815,820,826,850,865,885,915,960,990,1015,1040,1070,1075,1075,1075,1075,1075,1075,991,991,995,900,900,900,900,900,900,900,860,870,850,868,868,868,820,820,820,820,820,800,800,800,800,800,
Ecuador,Ecuador,Latin America + Caribbean,South America,260,EC,ECU,1705,1705,1710,1710,1715,1715,1720,1715,1720,1725,1730,1735,1740,1753,1720,1680,1650,1610,1580,1542,1600,1552,1560,1575,1590,1605,1616,1625,1583,1604,1644,1633,1569,1621,1574,1607,1609,1602,1610,1616,1500,1360,1299,1277,1296,1233,1195,1236,1199.4,1186.4,1155.7,1147.9,
Egypt,Egypt,Africa,Northern Africa,264,EG,EGY,2499,2433,2413,2422,2582,2683,2694,2687,2725,2725,2735,2725,2723,2707,2691,2596,2499,2395,2304,2286,2307,2305,2308,2310,2305,2318,2288,2310,2296,2284,2267,2519,2847,2846,2817,2820,2834,2834,2994,2801,2861,2936,2906,2965,2563,2605,2564,2642,2884,2873,2808,2800,
El Salvador,El Salvador,Latin America + Caribbean,Meso America,268,SV,SLV,488,488,488,485,480,470,460,458,455,450,488,488,488,488,488,475,475,515,560,558,516,479,470,480,500,520,520,540,540,550,565,588,586,584,582,565,565,600,631,650,700,690,681,694,702,604,630,683,678,673,686,705,
Equatorial Guinea,Equatorial Guinea,Africa,Central Africa,272,GQ,GNQ,110,115,120,121,121,125,125,125,125,125,130,130,130,130,130,130,130,130,130,130,130,130,130,130,130,130,130,130,130,130,130,130,130,130,130,130,130,130,130,130,130,130,130,130,130,130,130,130,120,120,120,120,
Eritrea,Eritrea,Africa,Eastern Africa,276,ER,ERI,NULL,NULL,NULL,NULL,NULL,NULL,NULL,NULL,NULL,NULL,NULL,NULL,NULL,NULL,NULL,NULL,NULL,NULL,NULL,NULL,NULL,NULL,NULL,NULL,NULL,NULL,NULL,NULL,NULL,NULL,NULL,NULL,498,437,438,369,391,498,498,560,562,562,597,598,620,670,670,670,690,690,690,690,
Estonia,Estonia,Europe,Central Europe,280,EE,EST,NULL,NULL,NULL,NULL,NULL,NULL,NULL,NULL,NULL,NULL,NULL,NULL,NULL,NULL,NULL,NULL,NULL,NULL,NULL,NULL,NULL,NULL,NULL,NULL,NULL,NULL,NULL,NULL,NULL,NULL,NULL,1115,1066,949,874,884,888,887,859,843,677,613,545,518,591,558,598,598,596,645,632,621,
Ethiopia,Ethiopia,Africa,Eastern Africa,284,ET,ETH,NULL,NULL,NULL,NULL,NULL,NULL,NULL,NULL,NULL,NULL,NULL,NULL,NULL,NULL,NULL,NULL,NULL,NULL,NULL,NULL,NULL,NULL,NULL,NULL,NULL,NULL,NULL,NULL,NULL,NULL,NULL,NULL,10000,9932,9940,9927,9900,9950,10000,10000,9908.4,9853,10928,12364,12823,13396,14038,13606,13948,14565,15193.2,15346,
Falkland Islands (Malvinas),United Kingdom of Great Britain and Northern Ireland,Latin America + Caribbean,South America,288,FK,FLK,NULL,NULL,NULL,NULL,NULL,NULL,NULL,NULL,NULL,NULL,NULL,NULL,NULL,NULL,NULL,NULL,NULL,NULL,NULL,NULL,NULL,NULL,NULL,NULL,NULL,NULL,NULL,NULL,NULL,NULL,NULL,NULL,NULL,NULL,NULL,NULL,NULL,NULL,NULL,NULL,NULL,NULL,NULL,NULL,NULL,NULL,NULL,NULL,NULL,NULL,NULL,NULL,
Faroe Islands,Denmark,Europe,Western Europe,292,FO,FRO,3,3,3,3,3,3,3,3,3,3,3,3,3,3,3,3,3,3,3,3,3,3,3,3,3,3,3,3,3,3,3,3,3,3,3,3,3,3,3,3,3,3,3,3,3,3,3,3,3,3,3,3,
Fiji,Fiji,Asia + Pacific,South Pacific,296,FJ,FJI,89,89,86,86,81,81,79,67,67,67,67,70,70,70,75,80,85,90,90,90,95,100,105,110,120,120,130,140,150,160,171,180,180,180,180,180,180,170,170,170,170,170,170,170,170,170,169,169,167.6,165,165,165,
Finland,Finland,Europe,Western Europe,300,FI,FIN,2664.7,2679.1,2695.5,2709.6,2720.5,2733.4,2742.4,2745.1,2611.5,2573.2,2552.7,2462.7,2433.1,2445.4,2451.8,2461.9,2418.6,2410.1,2399.5,2369,2352.7,2324.7,2311.4,2289.7,2274.8,2259.6,2279.2,2246.4,2260.7,2268.9,2299.7,2284.4,2275.6,2299.7,2143.5,2123.4,2125.6,2167.2,2177.1,2188.1,2193.3,2205.1,2213.8,2220.7,2236.5,2260.5,2256.7,2259.1,2258.3,2254.8,2250.5,2249.1,
France,France,Europe,Western Europe,304,FR,FRA,19606,19530,19455,19078,18796,18463,18076,17579,17565,17417,17056,17027,17096,17278,17333,17131,17265,17353,17401,17472,17526,17651,17669,17809,17923,17998,18167,17813,17709.9,17784.8,17831.3,17846.9,18033.8,18096.2,18173.1,18205,18270.1,18318,18353.1,18353.6,18346.2,18370.1,18355.5,18368.4,18374.6,18337.9,18285.7,18258.3,18256.6,18300.4,18275.9,18290.6,
French Guiana,France,Latin America + Caribbean,South America,308,GF,GUF,3,4,3,2,2,2,2,2,2,1,2,2,2,2,2,2,2,3,3,3,3,4,4,4,4,5,5,6,9,10,10,10,11,11,10,10,10,10,8,12,12,12,12,12,12,12.7,12.1,11.8,11.5,11.5,11.9,11.1,
Gabon,Gabon,Africa,Central Africa,320,GA,GAB,90,100,110,120,130,140,150,160,170,180,190,200,210,220,232,258,273,287,288,290,290,290,290,290,290,290,290,290,290,295,295,295,295,295,325,325,325,325,325,325,325,325,325,325,325,325,325,325,325,325,325,325,
Gambia,Gambia,Africa,Western Africa,324,GM,GMB,121,122,123,124,125,126,128,128,130,130,133,138,143,170,164,163,170,177,166,159,181,202,183,169,169,177,184,199,181,187,196,162,161,180,185,190,205,200,240,280,320,280,310,315,330,293,303,372,428,450,450,440,
Georgia,Georgia,Europe,Eastern Europe,328,GE,GEO,NULL,NULL,NULL,NULL,NULL,NULL,NULL,NULL,NULL,NULL,NULL,NULL,NULL,NULL,NULL,NULL,NULL,NULL,NULL,NULL,NULL,NULL,NULL,NULL,NULL,NULL,NULL,NULL,NULL,NULL,NULL,795,795,795,771,781,785,792,790,793,795,799,802,452,470,462,463,459,450,415,402.4,400,
Germany,Germany,Europe,Western Europe,332,DE,DEU,12220,12185,12165,12161,12153,12155,12049,12032,12001,11952,11965,12004,11990,12020,12041,12087,12071,12086,12057,12030,12004,11975,11967,11952,11957,11960,11945,11948,11949,11971,11559,11467,11676,11805,11835,11835,11832,11879,11822,11804,11813,11791,11827,11898,11904,11866,11877,11932,11945,11846,11875,11834,
Ghana,Ghana,Africa,Western Africa,336,GH,GHA,1700,1700,1700,1700,1700,1700,1700,1700,1700,1700,1700,1700,1700,1700,1800,1800,1800,1900,1900,1900,1900,2100,2100,2300,2400,2400,2500,2600,2600,2700,2800,2800,2800,2800,3000,3200,3600,3800,3850,3950,4060,4181,4185,4000,4000,4200,4300,4500,4600,4620,4720,4700,
Gibraltar,United Kingdom of Great Britain and Northern Ireland,Europe,Western Europe,340,GI,GIB,NULL,NULL,NULL,NULL,NULL,NULL,NULL,NULL,NULL,NULL,NULL,NULL,NULL,NULL,NULL,NULL,NULL,NULL,NULL,NULL,NULL,NULL,NULL,NULL,NULL,NULL,NULL,NULL,NULL,NULL,NULL,NULL,NULL,NULL,NULL,NULL,NULL,NULL,NULL,NULL,NULL,NULL,NULL,NULL,NULL,NULL,NULL,NULL,NULL,NULL,NULL,NULL,
Greece,Greece,Europe,Western Europe,348,GR,GRC,2794,2863,3057,3001,2991,2995,3020,3053,3017,3010,2991,2985,2957,2948,2908,2888,2868,2923,2929,2903,2925,2928,2900,2922,2890,2879,2870,2863,2893,2899,2867,2864,2839,2836,2821,2810,2789,2784,2762,2741,2720,2717,2712,2629,2639,2584,2567,2556,2551.1,2542,2541,2540,
Greenland,Denmark,Polar,Arctic,352,GL,GRL,NULL,NULL,NULL,NULL,NULL,NULL,NULL,NULL,NULL,NULL,NULL,NULL,NULL,NULL,NULL,NULL,NULL,NULL,NULL,NULL,NULL,NULL,NULL,NULL,0.4,0.4,0.4,0.4,0.4,0.5,0.5,0.6,0.6,0.6,0.6,0.7,0.7,0.7,0.7,0.8,0.8,0.9,0.9,0.9,0.9,0.9,0.9,0.9,0.9,0.9,0.9,0.9,
Grenada,Grenada,Latin America + Caribbean,Caribbean,356,GD,GRD,5,5,5,5,5,5,5,5,5,5,5,4,4,4,4,4,4,3,3,3,3,3,3,3,3,3,2,2,2,2,2,2,2,2,2,2,2,2,1,1,2,2,2,2,2,2,2,2,3,3,3,3,
Guadeloupe,France,Latin America + Caribbean,Caribbean,360,GP,GLP,36,36,36,36,36,36,36,36,36,38,38,38,37,31,31,32,31,31,30,30,29,25,23,23,22,22,22,21,23,21,23,23,23,21,21,19,18,19,18,19,19,19,20,19,19,21,21.2,21.1,21,20.5,17.9,20.8,
Guam,United States of America,Asia + Pacific,South Pacific,364,GU,GUM,2,2,2,2,2,2,2,2,2,2,2,2,2,2,2,2,2,2,2,2,2,2,2,2,2,2,2,2,2,2,2,2,2,2,2,2,2,2,2,2,2,2,2,2,2,2,1,1,1,1,1,1,
Guatemala,Guatemala,Latin America + Caribbean,Meso America,368,GT,GTM,1100,1100,1100,1100,1100,1100,1110,1110,1100,1100,1100,1120,1150,1170,1170,1200,1250,1250,1249,1270,1275,1300,1300,1300,1300,1300,1300,1300,1300,1300,1300,1300,1324,1354,1355,1361,1370,1380,1390,1395,1405,1425,1938,1600,1400,1506,1576,1325,1520,1492,1523,1534,
Guernsey,United Kingdom of Great Britain and Northern Ireland,Europe,Western Europe,372,GG,GGY,NULL,NULL,NULL,NULL,NULL,NULL,NULL,NULL,NULL,NULL,NULL,NULL,NULL,NULL,NULL,NULL,NULL,NULL,NULL,NULL,NULL,NULL,NULL,NULL,NULL,NULL,NULL,NULL,NULL,NULL,NULL,NULL,NULL,NULL,NULL,NULL,NULL,NULL,NULL,NULL,NULL,NULL,NULL,NULL,NULL,NULL,NULL,NULL,NULL,NULL,NULL,NULL,
Guinea,Guinea,Africa,Western Africa,376,GN,GIN,3520,3519,3495,3471,3448,3424,3400,3376,3352,3329,3305,3281,3257,3234,3210,3186,3162,3138,3115,3091,3067,3043,3019,2996,2972,2948,2924,2901,2877,2853,2829,2805,2782,2758,2734,2617,2500,2385,2200,2149,2200,2390,2475,2550,2741,2750,2800,2850,2850,2900,2900,3000,
Guinea-Bissau,Guinea-Bissau,Africa,Western Africa,380,GW,GNB,235,235,235,235,235,235,245,245,245,245,245,245,250,255,255,255,255,255,255,255,257,270,280,285,290,250,240,230,240,250,250,250,270,280,280,270,270,260,280,300,300,280,270,280,280,280,280,280,280,300,300,300,
Guyana,Guyana,Latin America + Caribbean,South America,384,GY,GUY,350,350,350,350,350,355,355,355,355,360,360,360,362,362,364,393,422,451,480,480,480,480,480,480,480,480,480,480,480,480,480,480,480,480,480,480,480,480,480,450,450,450,450,450,420,420,420,420,420,420,420,420,
Haiti,Haiti,Latin America + Caribbean,Caribbean,388,HT,HTI,900,900,900,900,900,900,900,900,900,900,900,768,768,768,768,770,770,780,780,780,780,780,780,780,780,780,780,780,780,780,780,780,780,800,800,800,900,900,900,900,900,900,900,900,900,900,1050,1000,1026.33,1100,1060,1000,
Holy See,Holy See,Europe,Western Europe,396,VA,VAT,NULL,NULL,NULL,NULL,NULL,NULL,NULL,NULL,NULL,NULL,NULL,NULL,NULL,NULL,NULL,NULL,NULL,NULL,NULL,NULL,NULL,NULL,NULL,NULL,NULL,NULL,NULL,NULL,NULL,NULL,NULL,NULL,NULL,NULL,NULL,NULL,NULL,NULL,NULL,NULL,NULL,NULL,NULL,NULL,NULL,NULL,NULL,NULL,NULL,NULL,NULL,NULL,
Honduras,Honduras,Latin America + Caribbean,Meso America,400,HN,HND,1295,1305,1310,1313,1318,1324,1330,1332,1328,1330,1333,1368,1378,1384,1413,1438,1503,1504,1494,1484,1481,1476,1467,1464,1455,1451,1441,1431,1446,1462,1492,1515,1683,1650,1600,1600,1520,1520,1468,1068,1068,1068,1068,1050,1050,1050,1050,1018,1020,1020,1020,1020,
Hungary,Hungary,Europe,Central Europe,408,HU,HUN,5194,5192,5195,5213,5229,5225,5215,5207,5200,5193,5184,5177,5176,5129,5128,5108,5071,5046,5037,5027,5031,5019,5020,5027,5036,5043,5048,5050,5052,5054,5056,4742,4748,4749,4806,4811,4820,4819,4815,4602,4606,4606,4597,4598,4601,4597,4592,4585,4585,4392,4395,4397,
Iceland,Iceland,Europe,Western Europe,412,IS,ISL,120,120,120,120,120,120,120,120,120,121,122,123,124,125,126,127,129,130,131,133,133,134,134,134,134,135,135,135,135,136,136,136,135,135,135,134,133,130,129,129,129,129,129,129,129,129,125,125,124,123,122.2,121.2,
India,India,Asia + Pacific,South Asia,416,IN,IND,155806,156700,157470,157732,158216,158590,159780,160069,159976,160560,159756,160186,161044,161501,161838,162057,162059,163239,163444,162854,162912,163246,162732,163618,163540,163409,163205,162868,163476,163459,163182,162706,162586,162525,161911,161025,161601,161409,160975,160930,160325,160432,159799,159681,159444,158662,158022,157995,157924,157007,156984,156200,
Indonesia,Indonesia,Asia + Pacific,South East Asia,420,ID,IDN,18000,18000,18000,18000,18000,18000,18000,18000,18000,18000,18000,18000,18000,18000,18000,18000,18000,18000,18000,18000,18000,18000,18000,18021,19500,20178,21170,21156,20860,20253,18081,18100,18129,17126,17342,17941,18500,18700,19700,20500,20200,20081,22406,24666,22946,21500,22000,22700,23600,23600,23500,23500,
Iran (Islamic Republic of),Iran (Islamic Republic of),Asia + Pacific,South Asia,424,IR,IRN,14980,14990,15000,15010,15020,15030,15050,15100,15120,15150,15581,16227,16901,16370,15850,15330,14969,14192,15194,12981,13550,14141,14400,14650,14900,15150,15400,15580,15400,15190,16681,16969,17332,17337,17388,17097,16502,16837,16337,14924,15861,16029,16197,16365,16533,16701,16869,17037,17205,17373,17541,17709,
Iraq,Iraq,West Asia,Mashriq,428,IQ,IRQ,4600,4650,4700,4750,4800,4800,4850,4850,4850,4848,4848,5000,5000,5100,5100,5100,5100,5200,5250,5250,5250,5250,5250,5250,5250,5250,5250,5300,5000,5000,5400,5300,5600,5050,4800,4800,4400,4650,4550,4100,4300,4650,4500,4500,5200,4800,4950,4000,3650,3650,3650,3427,
Ireland,Ireland,Europe,Western Europe,432,IE,IRL,1590,1567,1561,1526,1492,1429,1424,1394,1381,1377,1363,1333,1283,1253,1234,1208,1183,1158,1133,1108,1083,1058,1017,1041,1029,1007,980,1027,1052,1041,1029,1003,1023,1014,1030,1059,1035,1085,1076,1077,1188,1177,1182,1205,1184,1153,1060,1101,1089,1011,1062,1170,
Isle of Man,United Kingdom of Great Britain and Northern Ireland,Europe,Western Europe,436,,IMY,NULL,NULL,NULL,NULL,NULL,NULL,NULL,NULL,NULL,NULL,NULL,NULL,NULL,NULL,NULL,NULL,NULL,NULL,NULL,NULL,NULL,NULL,NULL,NULL,NULL,NULL,NULL,NULL,NULL,NULL,NULL,NULL,NULL,NULL,NULL,NULL,NULL,NULL,NULL,NULL,NULL,NULL,NULL,NULL,NULL,NULL,NULL,NULL,NULL,NULL,NULL,NULL,
Israel,Israel,Europe,Western Europe,440,IL,ISR,318,309,320,322,312,322,323,322,321,325,326,325,334,339,336,325,325,325,325,325,325,325,315,328,327,338,339,339,338,343,347,347,347,349,345,336,336,335,333,338,342,349,334,311,311,303,305.8,299.7,304.3,293.6,295.7,294.8,
Italy,Italy,Europe,Western Europe,444,IT,ITA,12862,12795,12674,12598,12524,12444,12389,12346,12221,11984,9511,9393,9288,9319,9330,9364,9359,9451,9476,9483,9466,9458,9128,9097,9050,9086,9065,8958,8993,9012,8900,8750,8550,8329,8283,8332,8253,8329,8545,8479,8339,8287,7959,7979,7780,7376,7171,7498,6981,7041,6720,7118,
Jamaica,Jamaica,Latin America + Caribbean,Caribbean,448,JM,JAM,166,166,166,166,150,150,155,155,155,145,145,145,145,145,145,145,145,145,135,135,135,125,115,115,115,115,115,115,120,119,126,136,174,161,158,155,150,145,143,140,140,135,135,133,128,128,125,120,120,120,120,120,
Japan,Japan,Asia + Pacific,North East Asia,452,JP,JPN,5660,5620,5570,5530,5478,5453,5377,5320,5162,5196,5125,5057,5015,4978,4945,4921,4911,4898,4882,4874,4861,4852,4843,4836,4830,4820,4814,4806,4792,4768,4740,4714,4685,4660,4630,4602,4569,4535,4503,4474,4444,4419,4397,4379,4360,4343,4326,4308,4294,4282,4254,4246,
Jersey,United Kingdom of Great Britain and Northern Ireland,Europe,Western Europe,460,JE,JEY,NULL,NULL,NULL,NULL,NULL,NULL,NULL,NULL,NULL,NULL,NULL,NULL,NULL,NULL,NULL,NULL,NULL,NULL,NULL,NULL,NULL,NULL,NULL,NULL,NULL,NULL,NULL,NULL,NULL,NULL,NULL,NULL,NULL,NULL,NULL,NULL,NULL,NULL,NULL,NULL,NULL,NULL,NULL,NULL,NULL,NULL,NULL,NULL,NULL,NULL,NULL,NULL,
Johnston Atoll,United States of America,Asia + Pacific,South Pacific,464,,JTN,NULL,NULL,NULL,NULL,NULL,NULL,NULL,NULL,NULL,NULL,NULL,NULL,NULL,NULL,NULL,NULL,NULL,NULL,NULL,NULL,NULL,NULL,NULL,NULL,NULL,NULL,NULL,NULL,NULL,NULL,NULL,NULL,NULL,NULL,NULL,NULL,NULL,NULL,NULL,NULL,NULL,NULL,NULL,NULL,NULL,NULL,NULL,NULL,NULL,NULL,NULL,NULL,
Jordan,Jordan,West Asia,Mashriq,468,JO,JOR,270,272,273,275,276,278,279,281,282,284,285,287,288,290,291,293,294,296,297,299,290.6,296.1,304,212.1,276.8,276.8,303,308,292.8,179.2,149.4,259.7,229,211,252,180,187,190,190,190,192,195,177,209,185,190,140.3,149.5,200.8,177.6,175.6,214.4,
Kazakhstan,Kazakhstan,Europe,Central Asia,476,KZ,KAZ,NULL,NULL,NULL,NULL,NULL,NULL,NULL,NULL,NULL,NULL,NULL,NULL,NULL,NULL,NULL,NULL,NULL,NULL,NULL,NULL,NULL,NULL,NULL,NULL,NULL,NULL,NULL,NULL,NULL,NULL,NULL,35055,35040,34683,31742,29000,26500,24205,21914,21535,22144,22674,22561,22630,22630,22710,22720,22720,23400,23585,24035,22900,
Kenya,Kenya,Africa,Eastern Africa,480,KE,KEN,3500,3500,3500,3500,3500,3500,3500,3500,3500,3500,3500,3500,3500,3500,3800,3800,3800,3800,3800,3800,3800,3800,3800,3725,4574,4593,4655,4882,5273,4990,5097,5292,5060,5452,5438,4671,4814,4678,5096,4891,5128,5091,5146,5258,5264,5310,5300,5300,5500,5500,5600,5600,
Kiribati,Kiribati,Asia + Pacific,South Pacific,484,KI,KIR,2,2,2,2,2,2,2,2,2,2,2,2,2,2,2,2,2,2,2,2,2,2,2,2,2,2,2,2,2,2,2,2,2,2,2,2,2,2,2,2,2,2,2,2,2,2,2,2,2,2,2,2,
Kuwait,Kuwait,West Asia,Arabian Peninsula,488,KW,KWT,1,1,1,1,1,1,1,1,1,1,1,1,1,1,1,1,1,1,1,1,2,2,2,3,3,4,4,4,4,4,4,4,5,5,5,6,6,6,7,10,13,12,12,11,11,11,11.3,11.3,10.5,10,10.5,10,
Kyrgyzstan,Kyrgyzstan,Europe,Central Asia,492,KG,KGZ,NULL,NULL,NULL,NULL,NULL,NULL,NULL,NULL,NULL,NULL,NULL,NULL,NULL,NULL,NULL,NULL,NULL,NULL,NULL,NULL,NULL,NULL,NULL,NULL,NULL,NULL,NULL,NULL,NULL,NULL,NULL,1320,1352,1305,1258,1357,1358,1360,1368,1356,1344,1345,1344,1334,1284,1283.7,1280,1279.5,1276,1276.2,1275.9,1276.6,
Lao People's Democratic Republic,Lao People's Democratic Republic,Asia + Pacific,South East Asia,496,LA,LAO,640,640,640,640,640,650,650,658,660,665,670,700,720,740,750,760,770,775,780,780,780,785,785,790,792,793,793,795,795,799,799,799,799,822,828,824,854,862,877,920,970,1015,1060,1105,1150,1200,1240,1290,1360,1400,1428,1450,
Latvia,Latvia,Europe,Central Europe,500,LV,LVA,NULL,NULL,NULL,NULL,NULL,NULL,NULL,NULL,NULL,NULL,NULL,NULL,NULL,NULL,NULL,NULL,NULL,NULL,NULL,NULL,NULL,NULL,NULL,NULL,NULL,NULL,NULL,NULL,NULL,NULL,NULL,1688,1687,1710,1002,1060,1079,1059,987,970,958,973,957,1009,1092,1205,1188,1170,1168,1173,1158,1178,
Lebanon,Lebanon,West Asia,Mashriq,504,LB,LBN,172,180,180,190,206,206,216,226,230,235,240,240,240,237,234,231,228,224,220,210,210,208,208,208,204,200,188,186,184,183,181,180,180,180,180,183,185,187,129,129,120,130,136,136.3,141.7,136,134.2,123,123,114,122,207,
Lesotho,Lesotho,Africa,Southern Africa,508,LS,LSO,358,353,353,355,355,360,360,365,365,368,360,355,355,355,372,355,288,289,305,292,298,288,283,297,304,287,326,339,301,317,319,332,330,325,320,322,325,325,325,330,330,300,300,310,323,303,325,358,335,322,308,281.3,
Liberia,Liberia,Africa,Western Africa,512,LR,LBR,378,376,376,373,373,370,370,368,368,366,366,366,366,366,366,366,371,371,371,371,371,375,380,380,380,390,390,400,400,350,350,350,350,350,350,350,370,380,400,400,400,400,400,400,400,400,400,430,470,480,500,500,
Libya,Libyan Arab Jamahiriya,Africa,Northern Africa,516,LY,LBY,1700,1710,1710,1715,1715,1720,1720,1725,1725,1725,1730,1730,1735,1735,1740,1740,1745,1750,1750,1753,1758,1765,1775,1780,1787,1795,1800,1800,1805,1805,1810,1815,1815,1825,1870,2028,2028,1815,1815,1815,1815,1815,1815,1750,1750,1750,1750,1750,1750,1716,1716,1720,
Liechtenstein,Liechtenstein,Europe,Western Europe,520,LI,LIE,4,4,4,4,4,4,4,4,4,4,4,4,4,4,4,4,4,4,4,4,4,4,4,4,4,4,4,4,4,4,4,4,4,4,4,4,4,4,4,4,3.9,3.9,3.9,3.9,3.9,3.8,3.8,3.8,3.5,3.3,3,3,
Lithuania,Lithuania,Europe,Central Europe,524,LT,LTU,NULL,NULL,NULL,NULL,NULL,NULL,NULL,NULL,NULL,NULL,NULL,NULL,NULL,NULL,NULL,NULL,NULL,NULL,NULL,NULL,NULL,NULL,NULL,NULL,NULL,NULL,NULL,NULL,NULL,NULL,NULL,2885,2828,2590,2866,2866,2878,2890,2953,2878,1631,1639,1525,1616.4,1906.5,1878.8,1835.6,1861.5,2053.7,2127.4,2185.7,2260.5,
Luxembourg,Luxembourg,Europe,Western Europe,528,LU,LUX,NULL,NULL,NULL,NULL,NULL,NULL,NULL,NULL,NULL,NULL,NULL,NULL,NULL,NULL,NULL,NULL,NULL,NULL,NULL,NULL,NULL,NULL,NULL,NULL,NULL,NULL,NULL,NULL,NULL,NULL,NULL,NULL,NULL,NULL,NULL,NULL,NULL,NULL,NULL,62,62,62,62,62,60,60,61,62,61.77,61.95,62.12,62.56,
Madagascar,Madagascar,Africa,Western Indian Ocean,536,MG,MDG,1925,1940,1955,1970,1985,2000,2015,2030,2050,2060,2070,2090,2100,2124,2296,2289,2443,2500,2520,2540,2560,2570,2600,2620,2650,2670,2680,2700,2710,2720,2750,2780,2900,2900,2900,2900,2900,2900,2900,2900,2950,2950,2950,2950,3000,3000,3000,3200,3500,3500,3500,3500,
Malawi,Malawi,Africa,Southern Africa,540,MW,MWI,1300,1400,1450,1500,1700,1750,1700,1800,1850,1800,1950,2000,2050,2050,2000,2000,2000,2050,2050,1900,2000,2100,2000,2050,2050,2150,2150,2150,2200,2250,2350,2300,2300,2100,2300,2400,2450,2600,2700,2750,2850,2850,3000,3000,3200,3300,3000,3450,3500,3700,3600,3750,
Malaysia,Malaysia,Asia + Pacific,South East Asia,544,MY,MYS,788.5,814.8,839.2,850,870.4,871.1,884.5,973.6,977.8,1023.4,1043.7,1060.2,1069.7,1057.5,1085.4,1065.4,1095.4,1095,1110.3,1102.7,1090,1048.4,1043.7,1001.8,1037,1036.4,1033,1031.9,1014,1019.7,1018,1004.8,1002.7,998.3,986.7,993.3,985.7,966.9,951,951.3,913.9,922.1,911.9,918,957.6,926.7,935.5,920.9,934.2,948,962.3,964.5,
Maldives,Maldives,Asia + Pacific,South Asia,548,MV,MDV,2,2,2,2,2,2,2,2,2,2,3,3,3,3,3,3,3,3,3,3,3,3,3,3,3,3,3,3,3,3,3,3,3,3,3,3,3,3,3,3,3,3,3,3,3,3,3,3,3,3,3,3,
Mali,Mali,Africa,Western Africa,552,ML,MLI,1638,1643,1648,1653,1658,1662,1668,1668,1668,1718,1718,1718,1718,1768,1818,2017,2015,2015,2010,2010,2013,2013,2013,2013,2033,2036,2036,2053,2053,2053,2063,2163,3060,3160,3319,4540,4535,4530,4520,4468,4500,4900,5942,5002,5603,5677,5808,5761,6255.4,6261,6861,6861,
Malta,Malta,Europe,Western Europe,556,MT,MLT,17,16,15,14,13,13,13,13,13,13,13,13,13,13,12,12,13,13,13,12,12,12,12,12,12,12,12,12,12,12,12,12,12,12,10,10,9,8,8,8,9,9,9.3,9,8.2,8,8,8,8,9.08,9.08,9,
Marshall Islands,Marshall Islands,Asia + Pacific,South Pacific,560,MH,MHL,NULL,NULL,NULL,NULL,NULL,NULL,NULL,NULL,NULL,NULL,NULL,NULL,NULL,NULL,NULL,NULL,NULL,NULL,NULL,NULL,NULL,NULL,NULL,NULL,NULL,NULL,NULL,NULL,NULL,NULL,1,1,1,1,1,1,1,1,1,1,1,1,1,2,2,2,2,2,2,2,2,2,
Martinique,France,Latin America + Caribbean,Caribbean,564,MQ,MTQ,5,5,5,5,5,6,9,9,9,9,9,11,11,11,11,11,11,11,12,12,11,11,11,13,12,12,11,10,9,10,8,8,8,9,8,9,10,10,10,11,11,10,10,10,10,9,11,11,10.5,6.7,8.9,10.05,
Mauritania,Mauritania,Africa,Western Africa,568,MR,MRT,267,267,267,266,265,266,267,268,278,278,239,239,226,196,192,195,196,192,195,210,230,250,270,280,300,320,340,360,380,400,410,420,431,470,498,488,488,488,488,488,450,400,400,400,400,400,400,400,390,450,400,400,
Mauritius,Mauritius,Africa,Western Indian Ocean,572,MU,MUS,90,91,91,91,92,89,94,100,100,100,100,100,100,100,99,100,100,100,100,100,100,100,100,100,100,100,100,100,99,98,97,96,94,93,92,91,90,91,89,90,91,89,88,87,85,83,81,80,80,80,78,76,
Mayotte,France,Africa,Western Indian Ocean,576,YT,MYT,4,4,4,4,5,5,5,5,5,5,5,5,5,5,5,5,5,5,5,5,5,5,5,5,5,5,5,5,6,6,6,6,6,6,6,6,6,7.5,7.5,7.5,7.4,7.4,7.4,7.6,7.7,7.9,8,8.3,8.4,8.7,8.9,8.9,
Mexico,Mexico,Latin America + Caribbean,Meso America,580,MX,MEX,19507,19340,19260,19180,19100,19020,18930,18850,18770,17688,17689,17684,17719,17688,17712,17736,17782,17785,17585,17654,17594,17790,18322,18232,18625,18336,19226,19689,20645,21697,22411,22472,22519,22539,22550,22707,22772,22817,22904,22889,23134,23167,23637,23188,23282,23348,23506,23850,23875,23493,22960,23132,
Micronesia (Federated States of),Micronesia (Federated States of),Asia + Pacific,South Pacific,584,FM,FSM,NULL,NULL,NULL,NULL,NULL,NULL,NULL,NULL,NULL,NULL,NULL,NULL,NULL,NULL,NULL,NULL,NULL,NULL,NULL,NULL,NULL,NULL,NULL,NULL,NULL,NULL,NULL,NULL,NULL,NULL,2.5,2.5,2.5,2.5,2.5,2.5,2.5,2.5,2.5,2.5,2.5,2.5,2.5,2.5,2.5,2.5,2.5,2.5,2,2,2,2,
Midway Island,United States of America,Asia + Pacific,South Pacific,588,,MID,NULL,NULL,NULL,NULL,NULL,NULL,NULL,NULL,NULL,NULL,NULL,NULL,NULL,NULL,NULL,NULL,NULL,NULL,NULL,NULL,NULL,NULL,NULL,NULL,NULL,NULL,NULL,NULL,NULL,NULL,NULL,NULL,NULL,NULL,NULL,NULL,NULL,NULL,NULL,NULL,NULL,NULL,NULL,NULL,NULL,NULL,NULL,NULL,NULL,NULL,NULL,NULL,
Monaco,Monaco,Europe,Western Europe,596,MC,MCO,NULL,NULL,NULL,NULL,NULL,NULL,NULL,NULL,NULL,NULL,NULL,NULL,NULL,NULL,NULL,NULL,NULL,NULL,NULL,NULL,NULL,NULL,NULL,NULL,NULL,NULL,NULL,NULL,NULL,NULL,NULL,NULL,NULL,NULL,NULL,NULL,NULL,NULL,NULL,NULL,NULL,NULL,NULL,NULL,NULL,NULL,NULL,NULL,NULL,NULL,NULL,NULL,
Mongolia,Mongolia,Asia + Pacific,North East Asia,600,MN,MNG,624,724,729,850,867,885,819,777,746,744,775,776,789,801,827,950,1100,1154,1160,1182,1212,1251,1312,1334,1353,1306,1334,1365,1374,1370,1368,1362,1352,1321,1321,1321,1227,1346,1190,1174,751,756,704,704,695,696,703,834,622,614,611,648,
Montenegro,Montenegro,Europe,Central Europe,602,ME,MNE,NULL,NULL,NULL,NULL,NULL,NULL,NULL,NULL,NULL,NULL,NULL,NULL,NULL,NULL,NULL,NULL,NULL,NULL,NULL,NULL,NULL,NULL,NULL,NULL,NULL,NULL,NULL,NULL,NULL,NULL,NULL,NULL,NULL,NULL,NULL,NULL,NULL,NULL,NULL,NULL,NULL,NULL,NULL,NULL,NULL,174,174,173,173,172,173,172,
Montserrat,United Kingdom of Great Britain and Northern Ireland,Latin America + Caribbean,Caribbean,604,MS,MSR,4,4,4,3,2,2,2,2,2,2,2,2,1,1,1,1,1,1,1,1,1,2,2,2,2,2,2,2,2,2,2,2,2,2,2,2,2,2,2,2,2,2,2,2,2,2,2,2,2,2,2,2,
Morocco,Morocco,Africa,Northern Africa,608,MA,MAR,6590,6590,6650,6700,6800,6900,6900,7000,7000,7076,7983,7131,7195,7200,7293,7315,7450,7658,7504,7530,7690,7767,7823,7834,7878,7957,8166,8174,8457,8707,8717,8934,8999,9124,8921,9096,8980,9033,8818,8767,8488,8402,9055,8210,8122,8064,8065,8052,8039.6,7729.3,7803.8,8047,
Mozambique,Mozambique,Africa,Southern Africa,612,MZ,MOZ,2444,2450,2455,2460,2470,2474,2500,2600,2700,2785,2785,2800,2850,2850,2870,2870,2870,2870,2870,2870,2920,3000,3000,3100,3150,3200,3300,3350,3400,3450,3500,3520,3520,3570,3650,3750,3900,4000,3950,3900,4000,4450,4500,4600,5000,4900,5100,5200,5300,5650,5650,5650,
Myanmar,Myanmar,Asia + Pacific,South East Asia,616,MM,MMR,9900,9910,9920,9930,9930,9940,9940,9940,9950,9970,9970,9970,9485,9494,9505,9518,9550,9558,9567,9573,9605,9620,9613,9591,9593,9596,9574,9552,9538,9567,9554,9534,9579,9534,9540,9543,9559,9556,9690,9909,9990,9862,9851,9912,10059,10336,10577,10694,10794,10811,10786,10820,
Namibia,Namibia,Africa,Southern Africa,620,NA,NAM,641,641,641,645,645,645,648,648,648,650,652,652,652,652,652,654,654,655,655,655,655,655,660,660,660,660,660,660,660,660,660,660,698,747,816,816,816,816,816,816,816,816,815,815,814,813,800,800,800,800,800,800,
Nauru,Nauru,Asia + Pacific,South Pacific,624,NR,NRU,NULL,NULL,NULL,NULL,NULL,NULL,NULL,NULL,NULL,NULL,NULL,NULL,NULL,NULL,NULL,NULL,NULL,NULL,NULL,NULL,NULL,NULL,NULL,NULL,NULL,NULL,NULL,NULL,NULL,NULL,NULL,NULL,NULL,NULL,NULL,NULL,NULL,NULL,NULL,NULL,NULL,NULL,NULL,NULL,NULL,NULL,NULL,NULL,NULL,NULL,NULL,NULL,
Nepal,Nepal,Asia + Pacific,South Asia,628,NP,NPL,1806,1806,1816,1806,1806,1806,1819,1819,1819,1953,1953,2055,2165,2180,2195,2210,2225,2240,2255,2270,2288,2291.6,2295.2,2298.8,2302.4,2306,2309.6,2313.2,2316.8,2320.4,2324,2327.3,2330.6,2333.9,2337.2,2340.5,2343.8,2347.1,2350.4,2354,2357,2335,2315,2300,2280,2260,2240,2220,2200,2180,2162.7,2118,
Netherlands,Netherlands,Europe,Western Europe,632,NL,NLD,992,966,949,937,928,897,873,864,845,824,770,765,761,762,759,769,775,780,785,790,788,790,801,817,826,844,861,869,876,879,881,887,887,885,882,895,901,906,914,910,905,916,906,1127.5,1111,1069.8,1059.8,1066.6,1054.7,1022.6,1006,1011,
Netherlands Antilles,Netherlands,Latin America + Caribbean,Caribbean,636,AN,ANT,6,6,6,6,7,7,7,7,7,8,8,8,8,8,8,8,8,8,8,8,8,8,8,8,8,8,8,8,8,8,8,8,8,8,8,8,8,8,8,8,8,8,8,8,8,8,8,8,8,8,NULL,NULL,
New Caledonia,France,Asia + Pacific,South Pacific,640,NC,NCL,7,7,7,7,7,7,7,7,7,7,7,7,7,7,7,7,7,7,7,7,7,7,7,10,10,9,9,9,9,9,9,9,8,7,7,7,7,7,7,7,7,6.8,6.8,6.8,6.8,6.8,6.8,6.8,6.8,6.8,6.5,6.2,
New Zealand,New Zealand,Asia + Pacific,Australia + New Zealand,644,NZ,NZL,3000,2990,2985,2980,2980,2975,2975,2970,2970,2965,2960,2951,2912,2889,2819,2761,2736,2702,2661,2616,2560,2547,2585,2562,2522,2585,2616,2519,2534,2645,2356,2075,1930,1707,1579,1558,1555,1555,1555,1500,1500,476,415,420,425,399,431,453,471,499,471,579.9,
Nicaragua,Nicaragua,Latin America + Caribbean,Meso America,648,NI,NIC,1030,1030,1030,1030,1030,1040,1040,1040,1040,1040,1040,1040,1050,1060,1060,1060,1060,1065,1069,1070,1150,1150,1150,1200,1220,1220,1250,1280,1300,1300,1300,1320,1350,1350,1650,1650,1750,1800,1850,1917,1912,2000,2050,1950,2000,1860,1800,1700,1650,1531,1503,1500,
Niger,Niger,Africa,Western Africa,652,NE,NER,11499,11499,11499,11499,11498,11498,11498,12175,12173,11197,11226,11173,10810,9776,9776,9774,9774,9774,9952,10212,9772,9852,10002,9772,9770,9770,9502,9489,9594,11036,12092,12987,12986,12985,13985,13985,13985,13984,13984,13975,13970,13960,14050,14105,14123,14137,14925,14920,14900,15100,15600,15900,
Nigeria,Nigeria,Africa,Western Africa,656,NG,NGA,23676.5,24400,26516.9,27471.1,29570.1,27106,29212.9,29171.9,34714,31880.5,30327.6,26000,31150,27000,26000,26000,20610.5,18855.4,17716.4,19603.3,16466.2,17431.7,17505.4,21000,23000,27860,27882,28112,28088,28174,30000,30100,30100,31000,32900,33100,33200,34000,35000,35000,33000,34000,35000,35000,36000,36800,37000,36000,32000,33000,34000,35000,
Niue,New Zealand,Asia + Pacific,South Pacific,660,NU,NIU,1,1,1,1,1,1,1,1,1,1,1,1,1,1,1,1,1,1,1,1,1,1,1,1,1,1,1,1,1,1,1,1,1,1,1,1,1,1,1,1,1,1,1,1,1,1,1,1,1,1,1,1,
Norfolk Island,Australia,Asia + Pacific,South Pacific,664,NF,NFK,NULL,NULL,NULL,NULL,NULL,NULL,NULL,NULL,NULL,NULL,NULL,NULL,NULL,NULL,NULL,NULL,NULL,NULL,NULL,NULL,NULL,NULL,NULL,NULL,NULL,NULL,NULL,NULL,NULL,NULL,NULL,NULL,NULL,NULL,NULL,NULL,NULL,NULL,NULL,NULL,NULL,NULL,NULL,NULL,NULL,NULL,NULL,NULL,NULL,NULL,NULL,NULL,
Northern Mariana Islands,United States of America,Asia + Pacific,South Pacific,668,MP,MNP,NULL,NULL,NULL,NULL,NULL,NULL,NULL,NULL,NULL,NULL,NULL,NULL,NULL,NULL,NULL,NULL,NULL,NULL,NULL,NULL,NULL,NULL,NULL,NULL,NULL,NULL,NULL,NULL,NULL,NULL,1,1,1,1,1,1,1,1,1,1,1,1,1,1,1,1,1,1,1,1,1,1,
Norway,Norway,Europe,Western Europe,672,NO,NOR,856,854,852,850,848,846,843,841,825,812,804,793,788,791,790,793,798,804,828,815,825,838,846,852,854,865,865,870,878,860,887,878,885,896,987,995,897,898,882,879,881,878,871,869,862,858,852.6,844.7,835,826.1,818,811.2,
Oman,Oman,West Asia,Arabian Peninsula,680,OM,OMN,20,20,20,20,20,20,20,22,22,22,22,23,23,23,23,23,23,23,23,23,23,23,27,27,29,32,33,33,35,35,35,35,29,29,28,28,29,31,31,31,31,31,31,29,28,26,28,30,37,34.3,36.9,33.7,
Pakistan,Pakistan,Asia + Pacific,South Asia,684,PK,PAK,16731,17028,17150,18591,19108,19537,19101,19075,19075,19167,19114,18944,19191,19345,19595,19508,19837,19713,19943,19994,19996,20061,19971,19940,20202,20249,20499,21393,20570,20484,20500,20600,20860,20960,20984,21090,21351,21330,21234,21292,21488,21606,21578,21295,21265,21475,21047,20417,20423,20398,21264,21185,
Palau,Palau,Asia + Pacific,South Pacific,688,PW,PLW,NULL,NULL,NULL,NULL,NULL,NULL,NULL,NULL,NULL,NULL,NULL,NULL,NULL,NULL,NULL,NULL,NULL,NULL,NULL,NULL,NULL,NULL,NULL,NULL,NULL,NULL,NULL,NULL,NULL,NULL,1,1,1,1,1,1,1,1,1,1,1,1,1,1,1,1,1,1,1,1,1,1,
Panama,Panama,Latin America + Caribbean,Meso America,692,PA,PAN,438,438,438,438,438,438,434,434,432,432,432,432,432,433,433,433,434,434,434,435,440,450,455,460,465,470,475,480,490,499,499,500,500,500,500,500,510,520,530,548,548,548,548,548,548,540,540,540,540,540,540,535,
Papua New Guinea,Papua New Guinea,Asia + Pacific,South Pacific,696,PG,PNG,75,75,75,75,75,80,85,85,91,102,108,114,120,126,132,138,144,160,165,167,172,175,179,180,183,185,186,188,190,192,192,192,193,193,194,195,197,199,203,205,210,220,225,230,240,250,250,300,300,300,300,300,
Paraguay,Paraguay,Latin America + Caribbean,South America,704,PY,PRY,700,711,729,761,784,809,809,805,805,805,805,805,804,920,1040,1160,1270,1390,1500,1620,1741,1780,1820,1860,1900,1950,1990,2030,2070,2110,2150,2300,2300,2450,2600,2600,2600,2850,2950,3020,3105,3210,3280,3370,3460,3550,3640,3747,4010,4140,4300,4410,
Peru,Peru,Latin America + Caribbean,South America,708,PE,PER,1796,1929,2200,2419,2511,2417,2426,2450,2461,2558,2558,2850,2900,2900,2910,3000,3103,3145,3171,3220,3245,3285,3333,3374,3376,3385,3400,3400,3400,3500,3550,3600,3600,3602,3740,3860,3960,4115,4225,4410,4280,3815,3835,3740,3930,3980,4010,4030,4135,4085,4030,4150,
Philippines,Philippines,Asia + Pacific,South East Asia,712,PH,PHL,4901,4880,4860,4840,4820,4800,4760,4730,4700,4670,4644,4700,4750,4800,4850,5000,5100,5150,5200,5228,5220,5240,5260,5280,5350,5400,5420,5440,5460,5480,5487,5435,5385,5335,5285,5235,5185,5135,5085,5034,4984,4935,4945,5100,5000,5150,5275,5410,5480,5400,5420,5545,
Pitcairn,United Kingdom of Great Britain and Northern Ireland,Asia + Pacific,South Pacific,716,PN,PCN,NULL,NULL,NULL,NULL,NULL,NULL,NULL,NULL,NULL,NULL,NULL,NULL,NULL,NULL,NULL,NULL,NULL,NULL,NULL,NULL,NULL,NULL,NULL,NULL,NULL,NULL,NULL,NULL,NULL,NULL,NULL,NULL,NULL,NULL,NULL,NULL,NULL,NULL,NULL,NULL,NULL,NULL,NULL,NULL,NULL,NULL,NULL,NULL,NULL,NULL,NULL,NULL,
Poland,Poland,Europe,Central Europe,720,PL,POL,15944,15829,15733,15701,15437,15436,15291,15265,15104,15088,14980,14844,14800,14764,14781,14763,14739,14709,14652,14621,14512,14484,14474,14535,14511,14484,14480,14464,14414,14388,14360,14337,14305,14300,14210,14004,14006,14057,14072,13993,13584,13010,12587,12610,12141,12368,12502,12571,12539,10922,11098,10925,
Portugal,Portugal,Europe,Western Europe,724,PT,PRT,2507,2503,2499,2495,2491,2487,2483,2479,2475,2471,2467,2463,2458,2453,2448,2443,2438,2433,2428,2423,2418,2413,2408,2403,2398,2393,2388,2383,2378,2344,2309,2275,2240,2200,2153,2000,1882,1900,1715,1632,1599,1611,1532,1537,1278,1258,1096,1174,1192.8,1139,1094,1090,
Puerto Rico,United States of America,Latin America + Caribbean,Caribbean,728,PR,PRI,224,213,212,191,215,187,170,164,166,152,130,115,95,95,94,94,96,98,97,74,68,67,64,66,63,64,63,77,70,65,55,52,32,33,33,33,37,51.5,54.6,59.7,64.9,68,67.4,66.8,66.2,65.5,64.9,60.5,55.2,56.8,58.5,60.1,
Qatar,Qatar,West Asia,Arabian Peninsula,732,QA,QAT,1,1,1,1,1,1,1,1,1,1,1,1,1,2,2,2,2,1,2,4,5,6,7,8,8,8,9,9,9,10,9,12,13,13,13,13,13,13,13,13,13.3,11.5,11.6,11.6,11.6,13,13,16,13,14,13,13,
Republic of Korea,Republic of Korea,Asia + Pacific,North East Asia,736,KR,KOR,2033,1998,2010,2091,2163,2187,2196,2174,2156,2153,2134,2104,2095,2075,2061,2060,2067,2079,2069,2060,2051,2049,2032,2017,2009,2004,2007,1997,1978,1953,1927,1898,1875,1845,1783,1745,1722,1708,1699,1718,1689,1674,1659,1653,1643,1619,1597,1565,1536,1507,1488,1522.2,
Republic of Moldova,Moldova,Europe,Eastern Europe,592,MD,MDA,NULL,NULL,NULL,NULL,NULL,NULL,NULL,NULL,NULL,NULL,NULL,NULL,NULL,NULL,NULL,NULL,NULL,NULL,NULL,NULL,NULL,NULL,NULL,NULL,NULL,NULL,NULL,NULL,NULL,NULL,NULL,1736,1744,1759,1773,1787,1787,1798,1812,1827,1849,1843,1845,1840,1833,1820,1822,1821,1817,1813,1811,1814,
Réunion,France,Africa,Western Indian Ocean,740,RE,REU,53,53,53,53,53,53,54,53,53,53,53,47,47,47,47,47,47,47,46,51,53,51,50,51,51,51,51,50,47,47,46,35,35,34,33,33,33,33,37,37,36,36,35,34,35,34,33,32.8,32.8,32.3,32.7,32.2,
Romania,Romania,Europe,Central Europe,744,RO,ROU,9853,9922,9853,9827,9814,9797,9799,9797,9771,9733,9728,9713,9658,9703,9741,9760,9781,9803,9817,9834,9849,9870,9904,9935,9985,10005,10080,10107,9458,9450,9423,9357,9341,9339,9337,9337,9346,9325,9332,9381,9371,9376,9377,8915,8985,8939,8675,8721,8789,9146,8995,8798,
Russian Federation,Russian Federation,Europe,Eastern Europe,748,RU,RUS,NULL,NULL,NULL,NULL,NULL,NULL,NULL,NULL,NULL,NULL,NULL,NULL,NULL,NULL,NULL,NULL,NULL,NULL,NULL,NULL,NULL,NULL,NULL,NULL,NULL,NULL,NULL,NULL,NULL,NULL,NULL,132008,129538,128422,127500,126024,127466,126132,124975,124374,123860,123465,122559,122146,121781,121574,121574,121649,121750,119000,120000,119750,
Rwanda,Rwanda,Africa,Eastern Africa,752,RW,RWA,485,490,495,500,505,510,515,521,528,522,560,621,610,668,686,700,715,730,745,760,775,790,805,820,827,834,842,849,850,880,880,880,850,700,700,750,800,820,866,900,1000,1116,1094,1119,1091.23,1120.05,1141.01,1143.63,1145.3,1150.68,1160,1181.77,
Saint Helena,United Kingdom of Great Britain and Northern Ireland,Africa,Southern Africa,756,SH,SHN,2,2,2,2,2,2,2,2,2,2,2,2,2,2,2,2,2,2,2,2,2,2,2,2,2,2,2,2,2,2,2,2,2,3,4,4,4,4,4,4,4,4,4,4,4,4,4,4,4,4,4,4,
Saint Kitts and Nevis,Saint Kitts and Nevis,Latin America + Caribbean,Caribbean,760,KN,KNA,10,10,10,10,10,10,10,10,8,8,8,8,8,8,8,8,8,8,8,8,8,8,8,8,8,8,8,8,8,8,8,8,8,7,7,6,6,6,7,7,7,7,7,7,3.97,3.98,3.99,4,4,4.5,5,5,
Saint Lucia,Saint Lucia,Latin America + Caribbean,Caribbean,764,LC,LCA,5,5,5,5,5,5,5,5,5,5,5,5,5,5.3,5,5,5,5,4.7,4.5,4.3,4,3.7,3.5,3.3,3.3,3,3,3,2.9,2.8,2.7,2.7,2.5,2,1.9,1.9,2,2,2,2,2,2,2,2.2,2.3,2.4,2.5,3,3,3,3,
Saint Pierre and Miquelon,France,North America,North America,768,PM,SPM,3,3,3,3,3,3,3,3,3,3,3,3,3,3,3,3,3,3,3,3,3,3,3,3,3,3,3,3,3,3,3,3,3,3,3,3,3,3,3,3,3,3,3,3,3,3,3,3,3,3,2,2,
Saint Vincent and the Grenadines,Saint Vincent and the Grenadines,Latin America + Caribbean,Caribbean,772,VC,VCT,6,6,6,6,6,6,6,6,6,6,6,6,5,5,5,5,5,5,5,5,5,4,4,4,4,4,4,4,4,4,4,4,5,5,5,5,5,5,5,5,5,5,5,5,5,5,5,5,5,5,5,5,
Samoa,Samoa,Asia + Pacific,South Pacific,776,WS,WSM,10,11,11,11,11,11,11,12,12,12.5,13,13,13,13,14,15,15,15,15.5,16,16,16,16.6,17,17,17.4,17.7,18,18.5,19,19,17,17,17,17,17,17,17,16.3,14,14,13,13,12,11,10.4,10,9,7.9,8,8,8,
San Marino,San Marino,Europe,Western Europe,780,SM,SMR,1,1,1,1,1,1,1,1,1,1,1,1,1,1,1,1,1,1,1,1,1,1,1,1,1,1,1,1,1,1,1,1,1,1,1,1,1,1,1,1,1,1,1,1,1,1,1,1,1,1,1,1,
Sao Tome and Principe,Sao Tome and Principe,Africa,Central Africa,784,ST,STP,1,1,1,1,1,1,1,1,1,1,1,1,1,1,1,1,1,1,1,1,1,1,1,1,2,2,2,2,2,2,2,2,2,3,4,4,5,5,6,6,7,7,8,8,8,8,8.5,9,9,8.5,8.7,8.7,
Saudi Arabia,Saudi Arabia,West Asia,Arabian Peninsula,788,SA,SAU,1140,1160,1180,1200,1220,1240,1260,1290,1320,1360,1400,1450,1500,1560,1620,1680,1740,1790,1840,1890,1940,1990,2200,2350,2550,2700,2900,3050,3200,3390,3579,3650,3672,3667,3655,3361,3639,3637,3594,3592,3600,3600,3600,3500,3500,3450,3446,3339,3196,3180,3159,3160,
Senegal,Senegal,Africa,Western Africa,792,SN,SEN,2933,2933,3033,3033,3132,3132,3232,3401,3187,3148,3229,3229,3279,3329,3328,3326,3124,3123,3122,3121,3120,3118,3116,3114,3110,3107,3104,3098,3094,3092,2973,3034,3032,3044,2942,2960,2964,2958,3008,3050,3110,3100,2982,3037,3176,2986,2985,3650,3850,3850,3350,3350,
Serbia,Serbia,Europe,Central Europe,794,RS,SRB,NULL,NULL,NULL,NULL,NULL,NULL,NULL,NULL,NULL,NULL,NULL,NULL,NULL,NULL,NULL,NULL,NULL,NULL,NULL,NULL,NULL,NULL,NULL,NULL,NULL,NULL,NULL,NULL,NULL,NULL,NULL,3720,3721,3729,3731,3708,3707,3696,3402,3406,3402,3397,3390,3391,3505,NULL,NULL,NULL,NULL,NULL,NULL,NULL,
Seychelles,Seychelles,Africa,Western Indian Ocean,796,SC,SYC,1,1,1,1,1,1,1,1,1,1,1,1,1,1,1,1,1,1,1,1,1,1,1,1,1,1,1,1,1,1,1,1,1,1,1,1,1,1,1,1,1,1,1,1,1,1,1,1,1,1,1,1,
Sierra Leone,Sierra Leone,Africa,Western Africa,800,SL,SLE,355,360,365,370,375,380,385,390,395,400,405,410,415,420,425,430,435,440,445,450,455,460,465,470,475,480,485,486,486,486,486,486,486,485,485,485,484,484,484,490,681.52,910.08,1236.67,1437.73,1472.02,1689.88,1283.72,1372.23,1460.97,1580.38,1689.69,1732.04,
Singapore,Singapore,Asia + Pacific,South East Asia,804,SG,SGP,3,4,4,4,4,4,4,3,3,4,2,3,3,2,2,2,2,2,2,2,2,2,2,2,2,2,2,2,1,1,1,1,1,1,1,1,1,1,1,1,1,1,0.6,0.7,0.66,0.65,0.7,0.6,0.6,0.64,0.63,0.63,
Slovakia,Slovakia,Europe,Central Europe,808,SK,SVK,NULL,NULL,NULL,NULL,NULL,NULL,NULL,NULL,NULL,NULL,NULL,NULL,NULL,NULL,NULL,NULL,NULL,NULL,NULL,NULL,NULL,NULL,NULL,NULL,NULL,NULL,NULL,NULL,NULL,NULL,NULL,NULL,1562,1561,1557,1553,1550,1547,1539,1528,1442,1410,1413,1393,1391,1378,1377,1382,1382,1392,1391.2,1392.3,
Slovenia,Slovenia,Europe,Central Europe,812,SI,SVN,NULL,NULL,NULL,NULL,NULL,NULL,NULL,NULL,NULL,NULL,NULL,NULL,NULL,NULL,NULL,NULL,NULL,NULL,NULL,NULL,NULL,NULL,NULL,NULL,NULL,NULL,NULL,NULL,NULL,NULL,NULL,200,200,196,196,191,173,172,171,173,173,168,173,176,176,178,175,180,175,170.3,168.5,171.7,
Solomon Islands,Solomon Islands,Asia + Pacific,South Pacific,816,SB,SLB,10,10,10,10,10,10,10,10,10,10,10,10,10,10,10,10,11,12,12,12,12,13,13,13,13,13,10,10,11,11,11,11,11,11,12,12,12,13,14,14,15,15,16,16,16,16,16,17,18,19,19,19,
Somalia,Somalia,Africa,Eastern Africa,820,SO,SOM,891,896,901,906,911,916,921,926,931,936,941,946,951,955,960,965,969,974,979,984,989,994,999,1004,1009,1014,1018,1021,1021,1022,1022,1023,1024,1030,1035,1039,1043,1043,1043,1043,1045,1200,1250,1350,1350,1140,1000,1100,1100,1100,1100,1100,
South Africa,South Africa,Africa,Southern Africa,824,ZA,ZAF,12000,12050,12100,12150,12200,12230,12250,12290,12330,12370,12410,12450,12490,12530,12570,12612,12570,12530,12480,12440,12400,12355,12355,12355,12355,12600,12550,12600,12700,12800,12900,13163,13426,13450,13500,13650,13700,13700,13760,13812,13685,13700,13600,13300,13175,12600,12600,12800,12660,12533,12033,12000,
South Sudan,South Sudan,Africa,Eastern Africa,846,SS,SSD,NULL,NULL,NULL,NULL,NULL,NULL,NULL,NULL,NULL,NULL,NULL,NULL,NULL,NULL,NULL,NULL,NULL,NULL,NULL,NULL,NULL,NULL,NULL,NULL,NULL,NULL,NULL,NULL,NULL,NULL,NULL,NULL,NULL,NULL,NULL,NULL,NULL,NULL,NULL,NULL,NULL,NULL,NULL,NULL,NULL,NULL,NULL,NULL,NULL,NULL,NULL,NULL,
Spain,Spain,Europe,Western Europe,832,ES,ESP,16246,16296,16205,15919,15966,15509,15740,15692,16082,15690,16339,16288,16054,15918,15821,15657,15630,15640,15578,15558,15569,15565,15592,15651,15564,15565,15584,15577,15512,15335,15258,15201,14982,14806,14045,14450,14285,13684,13463,13400,13064,12909,13017,13025,12913,12720,12586,12488,12497,12528,12429,12400,
Sri Lanka,Sri Lanka,Asia + Pacific,South Asia,840,LK,LKA,595,577,792,790,793,792,792,798,804,810,816,822,828,834,850,900,950,1000,900,900,900,857,869,872,876,887,895,898,901,900,903,905,880,883,886,887,888,889,905,915,916,936,950,900,1100,1050,1000,1200,1100,1200,1300,1250,
State of Palestine,State of Palestine,West Asia,Mashriq,676,PS,PSE,100,100,100,100,100,101,101,101,101,102,102,102,102,103,103,103,103,104,104,104,108,108,108,108,107,108,109,110,111,109,106,104,104,104,111,107,105,84,99,102,102,102,101,102,99,94,87,83,63.35,43.7,44.5,45,
Sudan,Sudan,Africa,Northern Africa,844,SD,SDN,10775,10875,10975,11072,11172,11270,11370,11467,11567,11665,11763,11861,11958,12015,12115,12210,12308,12346,12345,12360,12390,12450,12500,12550,12600,12650,12700,12740,12750,12800,12850,12900,14618,15000,16157,16672,16600,16500,16380,16233,16376,16519,18052,18019,18750,18750,19247,19321,18796,18858,17056,21045,
Suriname,Suriname,Latin America + Caribbean,South America,848,SR,SUR,28,29,29,32,32,31,30,30,30,30,33,33,35,35,35,35,36,36,37,40,43,46,48,50,52,54,57,57,57,57,57,57,57,57,57,57,57,57,57,57,57,45,55,53,49,49,46,47,58,59,61,60,
Svalbard and Jan Mayen Islands,Norway,Europe,Western Europe,852,SJ,SJM,NULL,NULL,NULL,NULL,NULL,NULL,NULL,NULL,NULL,NULL,NULL,NULL,NULL,NULL,NULL,NULL,NULL,NULL,NULL,NULL,NULL,NULL,NULL,NULL,NULL,NULL,NULL,NULL,NULL,NULL,NULL,NULL,NULL,NULL,NULL,NULL,NULL,NULL,NULL,NULL,NULL,NULL,NULL,NULL,NULL,NULL,NULL,NULL,NULL,NULL,NULL,NULL,
Swaziland,Swaziland,Africa,Southern Africa,856,SZ,SWZ,124,134,129,132,140,149,153,153,149,149,149,168,168,155,167,161,149,188,184,183,134,133,133,169,154,154,164,177,192,180,183,179,178,178,178,178,178,178,178,178,178,178,178,178,178,178,178,178,175,175,175,175,
Sweden,Sweden,Europe,Western Europe,860,SE,SWE,3549,3484,3293,3255,3161,3109,3096,3027,3051,3049,3047,3027,3014,3015,3002,2999,2990,2996,2981,2975,2956,2946,2937,2929,2918,2904,2886,2868,2849,2841,2787,2765,2777,2777,2764,2809,2796,2781,2744,2703,2691,2677,2666,2656,2694,2651,2639,2626,2634,2625,2610,2599,
Switzerland,Switzerland,Europe,Western Europe,864,CH,CHE,396.1,397.7,387.9,383.8,377.7,371,363.4,359.7,360,355.9,356.9,363,362.8,365.4,368.9,369.5,369.9,375.3,376.9,381.1,384.6,388.9,394.5,402.4,405,404.1,398.7,402.2,408.6,403.7,407.5,406.1,409.9,419.2,422.2,420.9,415.5,413.3,410.6,408.8,409.4,408.3,406.9,406.5,406.2,407,406.6,406.3,406,404.5,403.9,403.8,
Syrian Arab Republic,Syrian Arab Republic,West Asia,Mashriq,868,SY,SYR,6146,6200,6300,6410,6342,5873,5876,5577,5625,5651,5647,5711,5550,5682,5125,5260,5083,5149,5230,5230,5275,5288,5082,5104,5038,5013,4980,4812,4798,4885,4804,4766,4771,4812,4799,4739,4771,4709,4701,4542,4635,4593,4625,4757,4675,4670,4736,4699,4670,4687,4662,4665,
Taiwan Province of China,China,Asia + Pacific,North East Asia,185,TW,TWN,NULL,NULL,NULL,NULL,NULL,NULL,NULL,NULL,NULL,NULL,NULL,NULL,NULL,NULL,NULL,NULL,NULL,NULL,NULL,NULL,NULL,NULL,NULL,NULL,NULL,NULL,NULL,NULL,NULL,NULL,NULL,NULL,NULL,NULL,NULL,NULL,NULL,NULL,NULL,NULL,NULL,NULL,NULL,NULL,NULL,NULL,NULL,NULL,NULL,NULL,NULL,NULL,
Tajikistan,Tajikistan,Europe,Central Asia,876,TJ,TJK,NULL,NULL,NULL,NULL,NULL,NULL,NULL,NULL,NULL,NULL,NULL,NULL,NULL,NULL,NULL,NULL,NULL,NULL,NULL,NULL,NULL,NULL,NULL,NULL,NULL,NULL,NULL,NULL,NULL,NULL,NULL,860,869,850,844,811,811,784,784,784,783,781,782,778,757,737,746,741,742,839,850,860,
Thailand,Thailand,Asia + Pacific,South East Asia,880,TH,THA,10400,10600,10800,11000,11200,11400,11600,11800,12000,12300,12431,13150,13900,14624,14900,15164,15773,16108,16315,16515,16855,17199,17293,17401,17693,17810,17930,17728,17581,17494,17510,17238,17085,16860,16839,16563,16242,15932,15867,15654,15578,15389,15200,15200,15200,15200,15200,15250,15695,15760,15760,16560,
The former Yugoslav Republic of Macedonia,The former Yugoslav Republic of Macedonia,Europe,Central Europe,884,MK,MKD,NULL,NULL,NULL,NULL,NULL,NULL,NULL,NULL,NULL,NULL,NULL,NULL,NULL,NULL,NULL,NULL,NULL,NULL,NULL,NULL,NULL,NULL,NULL,NULL,NULL,NULL,NULL,NULL,NULL,NULL,NULL,606,609,609,606,609,600,587,588,555,568,499,471,461,448,439,431,424,420,414,414,414,
Timor-Leste,Timor-Leste,Asia + Pacific,South East Asia,886,TL,TLS,70,70,70,70,70,70,72,72,73,78,78,80,85,85,85,88,90,96,100,100,100,100,100,100,100,100,100,100,100,110,120,120,125,130,130,130,127,125,120,120,145,145,150,170,170,170,160,160,160,150,150,160,
Togo,Togo,Africa,Western Africa,888,TG,TGO,1800,1800,1800,1800,1800,1800,1800,1800,1800,1800,1800,1800,1800,1800,1800,1800,1800,1900,1950,1950,1950,1950,1950,2000,2000,2000,2020,2050,2050,2100,2100,2100,2200,2200,2200,2300,2330,2410,2510,2500,2350,2375,2350,2325,2100,2100,2310,2340,2400,2460,2460,2650,
Tokelau,New Zealand,Asia + Pacific,South Pacific,892,TK,TKL,NULL,NULL,NULL,NULL,NULL,NULL,NULL,NULL,NULL,NULL,NULL,NULL,NULL,NULL,NULL,NULL,NULL,NULL,NULL,NULL,NULL,NULL,NULL,NULL,NULL,NULL,NULL,NULL,NULL,NULL,NULL,NULL,NULL,NULL,NULL,NULL,NULL,NULL,NULL,NULL,NULL,NULL,NULL,NULL,NULL,NULL,NULL,NULL,NULL,NULL,NULL,NULL,
Tonga,Tonga,Asia + Pacific,South Pacific,896,TO,TON,12,14,14,14,15,15,15,15,17,17,17,17,17,17,17,16,16,16,16,16,16,16,16,16,16,16,16,16,16,16,16,16,16,16,16,16,15,15,15,15,15,15,15,15,15,15,15,15,16,16,16,16,
Trinidad and Tobago,Trinidad and Tobago,Latin America + Caribbean,Caribbean,900,TT,TTO,57,57,57,57,57,57,57,57,57,57,60,60,69,70,65,65,65,65,65,60,52,45,38,38,35,35,35,36,36,36,40,40,40,40,40,40,35,35,35,35,30,30,30,26,25,25,25,25,25,25,25,25,
Tunisia,Tunisia,Africa,Northern Africa,904,TN,TUN,3100,3100,3100,3180,3180,3180,3180,3180,3186,3193,3200,3230,3290,3340,3410,3480,3527,3413,3406,3191,3170,3160,3140,3120,3070,3030,2980,2936,2910,2909,2908,2908,2987,2830,2842,2845,2845,2879,2909,2864,2774,2771,2790,2791,2730,2763,2733,2835,2707,2823,2839,2839,
Turkey,Turkey,Europe,Central Europe,908,TR,TUR,23013,23131,23895,23824,23841,24000,23836,24092,25231,24793,24978,25573,25543,25161,24908,24862,25063,25123,25778,25354,25483,24199,23696,24502,24595,24558,24964,24786,24880,24647,24666,24514,24481,24705,24654,24514,24297,24439,24279,23826,23801,23994,23372,23871,23830,22981,21979,21555,21351,21384,20539,20577,
Turkmenistan,Turkmenistan,Europe,Central Asia,912,TM,TKM,NULL,NULL,NULL,NULL,NULL,NULL,NULL,NULL,NULL,NULL,NULL,NULL,NULL,NULL,NULL,NULL,NULL,NULL,NULL,NULL,NULL,NULL,NULL,NULL,NULL,NULL,NULL,NULL,NULL,NULL,NULL,1487,1586,1690,1740,1740,1740,1740,1830,1940,2040,2040,2040,2040,2040,2040,2040,1990,1990,1940,1940,1940,
Turks and Caicos Islands,United Kingdom of Great Britain and Northern Ireland,Latin America + Caribbean,Caribbean,916,TC,TCA,1,1,1,1,1,1,1,1,1,1,1,1,1,1,1,1,1,1,1,1,1,1,1,1,1,1,1,1,1,1,1,1,1,1,1,1,1,1,1,1,1,1,1,1,1,1,1,1,1,1,1,1,
Tuvalu,Tuvalu,Asia + Pacific,South Pacific,920,TV,TUV,NULL,NULL,NULL,NULL,NULL,NULL,NULL,NULL,NULL,NULL,NULL,NULL,NULL,NULL,NULL,NULL,NULL,NULL,NULL,NULL,NULL,NULL,NULL,NULL,NULL,NULL,NULL,NULL,NULL,NULL,NULL,NULL,NULL,NULL,NULL,NULL,NULL,NULL,NULL,NULL,NULL,NULL,NULL,NULL,NULL,NULL,NULL,NULL,NULL,NULL,NULL,NULL,
Uganda,Uganda,Africa,Eastern Africa,924,UG,UGA,3150,3200,3269,3785,3768,3776,3772,3780,3780,3780,3800,3850,3900,3950,4025,4072,4023,4080,4080,4080,4120,4180,4600,4800,4900,5000,5000,5000,5000,5000,5020,5040,5040,5060,5060,5060,5060,5080,5100,5300,5400,5600,5850,5950,5950,6100,6250,6450,6600,6750,6850,6900,
Ukraine,Ukraine,Europe,Eastern Europe,928,UA,UKR,NULL,NULL,NULL,NULL,NULL,NULL,NULL,NULL,NULL,NULL,NULL,NULL,NULL,NULL,NULL,NULL,NULL,NULL,NULL,NULL,NULL,NULL,NULL,NULL,NULL,NULL,NULL,NULL,NULL,NULL,NULL,33362,33334,33291,33286,33189,33081,32858,32670,32564,32537,32544,32480,32482,32452,32446,32434,32474,32478,32477,32499,32518,
United Arab Emirates,United Arab Emirates,West Asia,Arabian Peninsula,932,AE,ARE,5,5,5,5,5,6,6,6,6,7,7,7,8,9,11,11,12,12,12,16,19,18,23,24,26,29,29,29,29,35,35,38,40,42,43,46,45,36,43,60,71,75,64,63,68,50.6,44.6,51.6,49.9,50.6,45.1,47,
United Kingdom of Great Britain and Northern Ireland,United Kingdom of Great Britain and Northern Ireland,Europe,Western Europe,936,GB,GBR,7175,7236,7275,7354,7339,7324,7309,7277,7163,7102,7132,7129,7075,7067,6869,6894,6921,6936,6829,6918,6907,6913,6899,6922,6990,6940,6935,6886,6702,6620,6567,6554,6091,5911,5936,6098,6368,6253,5917,5876,5651,5786,5659,5819,5729,6094,6085,6005,6049,5970,6062,6212,
United Republic of Tanzania,United Republic of Tanzania,Africa,Southern Africa,940,TZ,TZA,5200,5050,6100,6000,6000,6000,6000,6000,6000,7000,7000,7000,7000,7000,7000,7000,7000,8000,8000,8000,8000,8000,8000,8000,9000,9000,9000,9000,9000,9000,9003,8800,8900,8900,8900,9000,8908,8725,8700,8600,8530,8600,8540,9500,9700,9700,10000,11325.7,11500,11600,12700,14500,
United States of America,United States of America,North America,North America,944,US,USA,180630,177095,179574,177966,177000,175705,174487,181000,189244,188735,188140,187545,187050,186472,186472,186472,186552,188755,188755,188755,188755,187765,187765,187765,187765,187765,185742,185742,185726,185676,185676,184080,182748,181939,181839,179006,177592,176782,175368,175368,175400,172977,171634,167056,165115,160441,161880,161813,157961,155926,153928,155108,
United States Virgin Islands,United States of America,Latin America + Caribbean,Caribbean,948,VI,VIR,4,4,6,6,6,6,5,5,5,5,5,5,5,5,5,5,5,5,5,5,5,5,5,5,4,4,4,4,4,4,4,4,4,3,3,3,3,3,2,2,2,2,2,2,2,1,1,1,1,1,1,1,
Uruguay,Uruguay,Latin America + Caribbean,South America,952,UY,URY,1330,1340,1340,1350,1350,1360,1360,1370,1370,1380,1380,1380,1380,1385,1390,1403,1403,1403,1403,1403,1380,1350,1330,1300,1280,1260,1260,1260,1260,1260,1260,1280,1280,1280,1290,1320,1320,1350,1350,1373,1370,1300,1300,1300,1300,1292,1340,1641,1861,1675,1768,1756,
Uzbekistan,Uzbekistan,Europe,Central Asia,956,UZ,UZB,NULL,NULL,NULL,NULL,NULL,NULL,NULL,NULL,NULL,NULL,NULL,NULL,NULL,NULL,NULL,NULL,NULL,NULL,NULL,NULL,NULL,NULL,NULL,NULL,NULL,NULL,NULL,NULL,NULL,NULL,NULL,4474,4470,4468,4475,4475,4475,4475,4475,4475,4485,4484,4500,4500,4400,4400,4350,4320,4300,4350,4300,4350,
Vanuatu,Vanuatu,Asia + Pacific,South Pacific,960,VU,VUT,10,10,10,10,13,13,13,13,13,15,15,15,15,15,16,16,17,17,18,18,19,19,20,20,20,20,20,20,20,20,20,20,20,20,20,20,20,20,20,20,20,20,20,20,20,20,20,20,20,20,20,20,
Venezuela (Bolivarian Republic of),Venezuela Bolivarian Republic of,Latin America + Caribbean,South America,964,VE,VEN,2900,2900,2903,2907,2911,2913,2922,2919,2924,2931,2937,2904,2900,2906,2907,2912,2964,2955,2949,2957,2804,2811,2710,2709,2917,3085,3097,3097,2845,2832,2844,2601,2599,2587,2581,2584,2593,2593,2593,2595,2598,2500,2600,2650,2655,2655,2659,2700,2600,2700,2700,2700,
Viet Nam,Viet Nam,Asia + Pacific,South East Asia,968,VN,VNM,5550,5550,5550,5550,5550,5550,5570,5590,5600,5630,5630,5650,5680,5700,5700,5900,5980,5999,5970,5940,5910,5880,5850,5820,5616,5570,5527,5460,5400,5339,5368,5506,5516,5464,5403,5554,5668,5763,6000,6200,6649,6600,6581,6469.5,6358,6348,6309.6,6282.5,6300,6438,6401.3,6400,
Wake Island,United States of America,Asia + Pacific,South Pacific,972,,WAK,NULL,NULL,NULL,NULL,NULL,NULL,NULL,NULL,NULL,NULL,NULL,NULL,NULL,NULL,NULL,NULL,NULL,NULL,NULL,NULL,NULL,NULL,NULL,NULL,NULL,NULL,NULL,NULL,NULL,NULL,NULL,NULL,NULL,NULL,NULL,NULL,NULL,NULL,NULL,NULL,NULL,NULL,NULL,NULL,NULL,NULL,NULL,NULL,NULL,NULL,NULL,NULL,
Wallis and Futuna,France,Asia + Pacific,South Pacific,976,WF,WLF,1,1,1,1,1,1,1,1,1,1,1,1,1,1,1,1,1,1,1,1,1,1,1,1,1,1,1,1,1,1,1,1,1,1,1,1,1,1,1,1,1,1,1,1,1,1,1,1,1,1,1,1,
Western Sahara,Western Sahara,Africa,Northern Africa,980,EH,ESH,NULL,NULL,NULL,NULL,NULL,NULL,NULL,NULL,1,2,2,2,2,2,2,2,2,2,2,2,2,2,3,3,3,3,3,3,3,4,4,4,4,4,4,4,4,5,5,5,4,4,4,4,4,4,4,4,4,4,4,4,
Yemen,Yemen,West Asia,Arabian Peninsula,984,YE,YEM,1262,1273,1285,1295,1305,1310,1317,1322,1327,1332,1340,1345,1350,1355,1363,1363,1363,1365,1366,1366,1368,1368,1368,1368,1372,1372,1376,1376,1378,1523,1528,1378,1622,1627,1633,1647,1607,1564,1547,1545,1466,1415,1252,1325,1287,1374,1365,1245,1171,1291,1161,1244,
Zambia,Zambia,Africa,Southern Africa,992,ZM,ZMB,2549,2552,2576,2601,2604,2658,2672,2705,2734,2763,2892,3060,2912,2940,2925,3048,2881,2722,2306,2332,2271,2213,2325,2316,2408,2468,2568,2691,3028,2891,2755,2779,2780,2850,2649,2875,2808,2695,2895,2816,2722,2582,2874,2862,2727,3013,2949,3052,3550,3400,3600,3800,
Zimbabwe,Zimbabwe,Africa,Southern Africa,996,ZW,ZWE,1885,1935,1985,2035,2065,2135,2185,2235,2285,2335,2385,2415,2415,2465,2465,2465,2465,2465,2465,2505,2545,2585,2625,2665,2705,2745,2790,2830,2870,2910,2950,2990,3030,3100,3110,3400,3500,3400,3550,3600,3600,3650,3650,3800,3900,4100,4000,4250,4100,4000,4200,4000,
